6.71,500,4.56,26.46,1.25,61.02,1.2,28.23,11,2.15,25.902,141.29,76,317,0.59122,0.12807,0.47641,9.122,0,0.3,0.21,2.38,0.26676,0.11463,71,28.22,12.317,60.317,0.10049,15,37.341,36.268,0.27537,2.5707,0.073171,7.5854,0.12195,0.073171,13.902,5.67,11.55,2.45,31,24,72.074,0
91.69,23,2.46,0.33,1.5,4.02,2.3265,1.2383,215,2.32,55,50,611,20,0.9,0.162,0.885,0.9,43.3,0.027,0.158,0.658,0.064,0.192,85,0,85,85,0,2917,146,0,0.32831,1140,31.422,743.61,2.5783,139.89,1082.1,0.091,0.076,0.147,0,28,14,6
85.73,52,0.36,0.12,0.35,13.45,0.8,12.65,14,0.39,16,7,105,1,0.12,0.103,1.097,0.4,7.5,0.091,0.025,0.292,0.1,0.074,5,0,5,5,0,38,2,0,0.01,0.3,0,23,0,0,0,0.009,0.013,0.04,0,252,48,0
51.56,295,30.05,18.5,0.91,0,0,0,18,2.46,20,184,243,50,7.09,0.093,0.01,28.8,0,0.065,0.163,4.331,0.593,0.296,9,0,9,9,1.99,0,0,0,0.52,1.8,0,0,0,0,0,7.337,7.969,0.684,76,257,85,26
53.2,222,6.1,9.2,2.5,29,2.2415,15.721,206,1.72,16,151,138,412,0.54,0.055,0.237,14,2.2,0.195,0.272,1.524,0.395,0.049,36,24,12,53,0.2,199,50,48,0.27537,2.5707,0.073171,7.5854,0.12195,0.073171,13.902,1.986,2.316,4.162,56,28.35,38,0
47.89,359,21.12,29.82,0.93,0,0,0,22,1.6,20,166,271,73,3.49,0.115,0.019,21.8,0,0.09,0.21,6.75,0.63,0.11,15,0,15,15,2.23,0,0,0,0.1,1.4088,0,0,0,0,0,12.77,12.52,2.17,97,255,85,28
89.4,32,2.6,0.7,1.8,5.5,1.1,4.4,81,1.3,38,76,606,14,0.23,0.17,0.553,0.9,69,0.08,0.26,1,0.242,0.247,80,0,80,80,0,6917,346,0,0.7,541.9,0,4150,0,0,12500,0.023,0.239,0.228,0,50,1,29
4.1,345,10.94,8.2,19.3,57.46,1.6841,3.7045,133,9.1,56,231,1050,7070,5.2,0.7,2.1,2.2023,22,0.17,0.22,4.55,0.7,0.6,53,0,53,53,23,5369,268,0,0.21432,0.93636,14.045,90.727,0.45455,1051.9,14.818,1.39,3.79,2.62,0,18.9,245.35,0
65.92,191,20.37,11.59,0.97,0,0,0,4,1.98,22,197,338,53,3.21,0.075,0.013,19.5,0,0.1,0.17,3.71,0.36,0.47,8,0,8,8,2.8,0,0,0,0.1782,0.5764,0,0.78652,0,0,0,4.59,5.02,0.44,63,28.35,453.6,6
52.08,273,21.77,16.17,1.26,8.72,0.3,0.20186,18,1.4,20,152,189,279,2.17,0.08,0.054,26.6,0,0.116,0.221,5.433,0.994,0.27,18,9,9,24,0.28,91,27,27,0.094419,0.52093,0.25581,1.8372,0.25581,1.4186,0,4.28,6.58,3.85,90,95,158,22
44,236,10.4,4.4,1.5,39.8,4.5,7.7,65,3.12,35,141,147,407,0.89,0.135,0.779,30,0,0.504,0.346,4.831,0.581,0.073,81,56,25,120,0,5,2,2,0.44,1.2,0,0,0,0,46,0.697,1.59,1.694,0,28.35,30,0
5.78,480,7.15,24.32,1.61,61.07,2.3,51.69,96,0.72,39.914,200.6,183.77,224,0.65971,0.32951,0.17126,3.1114,0.5,0.028114,0.084029,0.39677,0.14397,0.0638,15.686,0.6,7.3143,8.2,0.22571,174,23.943,23.571,0.71429,1.1943,0,3.4571,0.37143,0,2.7714,9.891,2.2347,0.84611,13,39,32.01,0
65.67,141,7.68,3.28,2.57,20.81,1.7,3.7045,16,1.7,36,159,297,750,0.99,0.275,0.5,7.4,1.1,0.11,0.056,1.098,0.2,0.05,2,0,2,2,0.2,331,17,0,0.21432,0.93636,14.045,90.727,0.45455,1051.9,14.818,1.31,1.34,0.47,6,269,326,0
85.35,59,1.42,0.19,0.16,12.87,0.3,0.1,3,0.6,5,11,21,223,0.07,0.018,0.018,3.1,0,0.083,0.055,0.722,0.078,0.021,33,32,1,56,0,0,0,0,0.02,0,0,0,0,0,1,0.025,0.048,0.083,0,242,182,0
52.73,257,2.21,17.4,2.26,25.41,3.2,0.12,18,0.75,21,107,391,546,0.34,0.086,0.166,10.969,3,0.116,0.025,2.25,0.438,0.25,38,9.7692,38,27.231,0.41115,0,0,21.308,1.82,2.1115,0,0,0.11538,10.577,3.9615,3.101,7.436,4.157,0,53,76.179,0
69.5,168,20.18,9.09,0.88,0,0,0.20186,15,1.6,22,175,263,61,2.14,0.109,0.022,24.2,0,0.06,0.158,3.849,0.804,0.41,8,0,8,8,0.4,4,1,1,0.094419,0.52093,0.25581,1.8372,0.25581,1.4186,0,2.56,3.3,2.25,63,327,2052,22
73.88,101,1.98,0.2,0.75,23.19,1.7,5.45,30,1.33,24,52,210,75,0.21,0.278,0.988,0.8,5.2,0.027,0.09,0.955,0.512,0.235,11,0,11,11,0,8699,435,0,1.09,2.4,0,5219,0,0,0,0.041,0.008,0.084,0,255,496,0
55.53,265,25.01,17.54,1.35,0,0,0,8,2.88,25,196,342,66,4.76,0.129,0.015,22.3,0,0.1,0.22,4.2,0.31,0.35,7,0,7,7,2.18,0,0,0,0.1782,0.5764,0,0.78652,0,0,0,6.91,7.6,0.66,57,364,85,2
55.91,238,32.48,10.97,1.45,0,0,0,11,3.9,33,267,465,77,6.4,0.149,0.019,23.6,0,0.14,0.33,4.3,0.43,0.5,10,0,10,10,3.69,0,0,0,0.14,1.7,0,0,0,0,0,4.02,4.43,1.51,99,247,85,21
88.53,50,1.45,1.98,1.33,6.71,1,0.58,24,1.03,17,35,278,258,0.19,0.102,0.166,2.2023,7.1,0.055,0.036,1.06,0.266,0.145,8,0,8,8,0,411,26.227,7.7045,0.21432,0.93636,14.045,90.727,0.45455,1051.9,14.818,0.29,0.56,0.941,0,3855,30,0
91.56,30,0.55,0.1,0.29,7.5,1.1,13.673,15,0.12,8,9,127,0,0.07,0.044,0.01,1.4,37,0.04,0.02,0.2,0.283,0.042,9,0,9,9,0,259,13,0,0.22943,1.8943,11.571,41.4,10.829,0,45.429,0.014,0.013,0.024,0,230,123,49
74.86,151,11.67,10.53,1.46,1.48,0,0,9,2.3,12,335,244,108,1.09,0.23,0.028,21.8,10.5,0.069,0.217,3.62,1.21,0.143,5,0,5,5,10.1,117,6,0,1.67,0.1,0,70,0,0,0,2.394,1.882,1.632,3100,391,85,0
93.43,22,0.62,0.48,0.97,4.5,2.8,1.2383,13,0.22,12,29,173,237,0.31,0.11,0.169,0.3,8,0.026,0.04,0.42,0.408,0.118,18,0,18,18,0,47,2,0,0.32831,51.684,31.422,743.61,2.5783,139.89,1082.1,0.086,0.24882,0.23428,0,160,102.86,0
2.48,515,9.57,26.13,1.44,60.48,3.7,50.75,102,1.16,69,190,347,50,1.76,0.505,0.664,4.1,0,0.063,0.106,3.362,0.627,0.09,55,0,55,55,0.32,80,22,22,2.85,3,0,0,0,0,0,10.169,8.086,3.456,8,54.4,18,0
83.23,65,2.86,0.15,0.67,13.09,4.4,3.16,25,0.82,22,51,169,35,0.49,0.083,0.379,0.3,3.2,0.071,0.12,0.851,0.151,0.074,19,0,19,19,0,4277,214,0,0.44,16,968,2082,0,0,637,0.031,0.01,0.072,0,275,91,0
90.27,31,1.82,0.12,0.66,7.13,3.4,1.4,37,1.04,25,38,209,6,0.24,0.069,0.214,0.6,16.3,0.084,0.105,0.752,0.094,0.074,37,0,37,37,0,690,35,0,0.41,14.4,69,379,0,0,640,0.026,0.005,0.059,0,110,55,12
74.23,124,21.5,3.57,1,0,0,0,6,2.36,22,193,356,64,4.83,0.09,0.013989,30,0,0.131,0.212,3.772,0.42943,0.445,8,0,8,8,3.52,0,0,0,0.12,0.5764,0,0,0,0,0,1.24,1.35,0.27,58,453.6,28.35,12
67.78,196,18.11,13.11,0.79,0,0,0.20186,17,1.63,18,157,236,66,2.67,0.127,0.02,26.4,0,0.065,0.183,2.682,0.917,0.29,9,0,9,9,0.36,10,3,3,0.094419,0.52093,0.25581,1.8372,0.25581,1.4186,0,3.66,4.94,3.23,74,361,47,40
3.8,414,3.9,7.6,2.2,82.5,2.2415,45.7,186,2.3827,25.902,141.29,156.9,618,0.59122,0.12807,0.47641,9.122,0.16585,0.23193,0.23044,2.4087,0.26676,0.11463,51.732,28.22,12.317,60.317,0.10049,191.07,37.341,36.268,0.27537,2.5707,0.073171,7.5854,0.12195,0.073171,13.902,2.26,5.3301,2.4011,16.829,43,72.074,0
4,399,5.15,14.09,11.53,65.23,3.3,9.58,114,0.58,10.182,54.091,144.57,4051,0.55386,0.10955,0.19543,2.2023,0.8,0.077,0.15,1.495,0.19043,0.082182,0,0,0,0,0.77568,6,26.227,7.7045,0.21432,0.93636,14.045,90.727,0.45455,1051.9,14.818,2.083,1.0558,0.64377,4,15,245.35,0
55.49,211,36.16,6.33,1.95,0,0,0,8,1.32,29,249,383,67,3.96,0.14,0.039,15.4,0,0.06,0.35,10.56,1.02,0.36,18,0,18,18,1.17,0,0,0,0.49,7,0,0,0,0,0,2.53,2.36,0.47,134,272,85,0
14.5,436,4.2,20.7,1.5,59,0.7,21.56,81,1.65,7,169,147,422,0.24,0.037,0.308,3.1,0,0.205,0.122,2.412,0.246,0.019,63,55,8,102,0.02,37,11,11,0.19,8.8,0,0,0,0,8,5.265,11.761,2.62,29,17,26,0
94.64,16,1.21,0.18,0.62,3.35,1.1,2.2,15,0.35,17,38,262,2,0.29,0.051,0.175,0.2,17,0.048,0.142,0.487,0.155,0.218,29,0,29,29,0,200,10,0,0.12,3,0,120,0,0,2125,0.044,0.016,0.089,0,113,323,5
69.57,108,3.32,1.28,0.72,25.11,2.8,3.17,2,0.61,32,103,249,17,0.48,0.053,0.194,0.2,6.2,0.215,0.072,1.614,0.878,0.06,46,0,46,46,0,263,13,0,0.09,0.4,23,66,161,0,967,0.197,0.374,0.603,0,89,103,45
55.2,233,11.58,12.85,2.1,18.27,0.97692,4.3831,118,1.72,17,140,149,634,1.7,0.08,0.19,13.3,1.5,0.21,0.15,4.14,0.22,0.1,42,28,14,62,0.8,280,22.731,21.308,0.33462,2.1115,0,8.3462,0.11538,10.577,3.9615,5.966,4.654,0.955,34,154,76.179,0
6.6,333,56.8,0.1,7.1,4.9,0,0.1,21,1.17,39.914,1361,18,2282,0.65971,0.32951,0.17126,3.1114,0,0.028114,0.084029,0.39677,0.14397,0.0638,15.686,0.6,7.3143,8.2,0.22571,0,23.943,23.571,0.71429,1.1943,0,3.4571,0.37143,0,2.7714,0,2.2347,0.84611,1,2.5,32.01,0
2.18,455,10.6,18.83,1.93,66.43,7.3,26.16,119,2.58,111,343,495,48,2.36,0.69,2.45,1.8,0.5,0.32,0.27,2.01,0.83,0.18,36,0,36,36,0.25,11,1,0,2.15,3.4,0,1,0,0,0,8.25,4.47,1.89,2,51,20.021,0
63.3,189,28.61,7.39,1,0,0,0.20186,21,1.41,27,210,289,67,2.1,0.048,0.019,30.2,0,0.061,0.134,6.048,0.644,0.49,6,0,6,6,0.36,0,0,0,0.094419,0.52093,0.25581,1.8372,0.25581,1.4186,0,2.08,2.51,1.79,75,115,1329,8
94.31,15,1.35,0.05,1.01,3.28,2,1.12,164,0.5,47,16,195,20,0.21,0.049,0.408,0.7,5.3,0.011,0.04,0.296,0.15,0.067,3,0,3,3,0,443,22,0,0,5.1,47,242,0,0,0,0.006,0.007,0.021,0,149,29,0
61.96,204,2.22,13.21,0.75,21.86,1.7,1.2383,20,0.96,34,93,473,43,0.55,0.241,0.226,1.2,10.4,0.052,0.135,1.448,0.732,0.377,12,0,12,12,0,188,9,0,0.32831,51.684,31.422,743.61,2.5783,139.89,1082.1,3.313,5.824,3.474,0,128.95,102.86,0
78.76,83,0.2,0.07,0.24,20.73,1.9,13.673,3,0.31,3,8,98,19,0.04,0.042,0.02,0.38571,0.9,0.006,0.018,0.121,0.054,0.047,0,0,0,0,0,16,1,0,0.22943,1.8943,11.571,41.4,10.829,0,45.429,0.011,0.003,0.02,0,280,71.226,0
69.13,165,21.51,8.1,0.9,0,0,0.20186,13,1.41,24,180,267,55,1.54,0.081,0.021,22.3,0,0.053,0.123,4.938,0.616,0.48,7,0,7,7,0.42,5,2,2,0.094419,0.52093,0.25581,1.8372,0.25581,1.4186,0,2.19,3.1,1.91,62,175,1099,16
3,229,19.6,13.7,5.8,54.3,33.2,1.75,128,13.86,499,734,1524,21,6.81,3.788,3.837,14.3,0,0.078,0.241,2.185,0.254,0.118,32,0,32,32,0,0,0,0,0.1,2.5,0,0,0,0,38,8.07,4.57,0.44,0,86,5.4,0
47.35,339,23.61,26.38,1.16,0,0,0,9,3.06,26,232,400,65,3.97,0.121,0.016,23.1,0,0.15,0.27,3.83,0.39,0.47,8,0,8,8,3.33,0,0,0,0.1782,0.5764,0,0.78652,0,0,0,10.42,10.94,1,86,329,85,2
41.36,417,25.49,34.13,0.85,0,0,0,13,2.97,18,191,223,63,7.85,0.131,0.015,24.1,0,0.069,0.231,2.362,0.297,0.25,5,0,5,5,2.23,0,0,0,0.1782,0.5764,0,0.78652,0,0,0,14.2,15.36,1.24,103,247,85,24
90.27,31,1.82,0.12,0.66,7.14,3.4,1.2383,37,1.04,25,38,209,6,0.24,0.069,0.214,0.6,16.3,0.084,0.105,0.752,0.094,0.074,37,0,37,37,0,108,5,0,0.32831,51.684,31.422,743.61,2.5783,139.89,1082.1,0.026,0.005,0.059,0,110,102.86,12
95,16,1.03,0.17,0.5,3.3,1.9,1.4,15,0.33,19,28,140,1,0.24,0.083,0.128,0.2,10.8,0.051,0.025,0.464,0.079,0.085,21,0,21,21,0,85,4,0,0.12,3.5,0,51,0,0,250,0.035,0.013,0.072,0,240,180,0
94.64,16,1.21,0.18,0.62,3.35,1.1,1.73,15,0.35,17,38,262,10,0.29,0.051,0.175,0.2,17,0.048,0.142,0.487,0.155,0.218,29,0,29,29,0,200,10,0,0.12,4.3,0,120,0,0,2125,0.037,0.014,0.076,0,124,113,5
41.67,320,12.42,20.1,2.83,22.97,0.7,1.88,109,2.04,14,319,160,868,1.07,0.052,0.177,24.7,1.6,0.237,0.36,1.783,0.82,0.07,27.385,11,62,80,0.73,406,22.731,21.308,0.33462,2.1115,0,8.3462,0.11538,10.577,3.9615,7.717,9.806,2.428,175,144,76.179,0
55.69,267,24.47,17.98,1.29,0,0,0,7,2.91,22,191,330,65,4.51,0.128,0.015,19.6,0,0.098,0.226,4.171,0.312,0.361,7,0,7,7,2.17,0,0,0,0.19,0.5764,0,0,0,0,0,7.04,7.739,0.711,64,85,453.6,20
92.15,24,2.72,0.41,0.83,3.89,2,1.2383,86,1.18,20,27,460,238,0.21,0.14,0.371,0.9,35.5,0.139,0.38,1.267,0.044,0.072,48,0,48,48,0,4238,212,0,0.32831,51.684,31.422,743.61,2.5783,139.89,1082.1,0.083,0.033,0.168,0,145,102.86,0
3.34,328,10,4,18,64.66,4.8,3.26,230,1,34,203,262,6580,1.54,0.535,0.4,5.3,7,0.2,0.4,3.7,0.1,0.1,31,17,14,43,0.7,1,0,0,0.15,0.2,0,1,0,0,9,2.36,1.31,0.14,3,21.3,245.35,0
91.62,28,0.8,0.07,0.94,6.57,1.2,5.38,13,0.63,16,16,142,21,0.23,0.097,0.241,0.5,2.8,0.01,0.038,0.151,0.15,0.055,29,0,29,29,0,22,1,0,0.03,0.1,0,13,0,0,0,0.011,0.013,0.025,0,246,102.86,0
72.05,150,20.74,6.85,0.96,0,0,0,5,1.94,24,214,365,54,5.15,0.077,0.011,30.6,0,0.073,0.176,4.895,0.711,0.526,11,0,11,11,4.04,0,0,0,0.21,0,0,0,0,0,0,2.3,2.497,0.321,58,208.63,201.4,0
3,492,4.9,22.6,1.2,68.2,1.7,15.721,28,2.5,27,76,200,232,0.56,0.2,0.473,5.6,0,0.166,0.191,1.975,0.18,0.005,44,37,7,70,0.07,59,18,18,0.27537,2.5707,0.073171,7.5854,0.12195,0.073171,13.902,7.759,11.258,2.319,27,28.35,12,0
79.99,115,0.84,10.68,2.23,6.26,3.2,0,88,3.3,4,3,8,872,0.22,0.251,0.02,0.9,0.9,0.003,0,0.037,0.015,0.009,0,0,0,0,0,403,20,0,1.65,1.4,0,237,9,0,510,1.415,7.888,0.911,0,8.4,4.4,0
19.21,283,4.08,0.27,2.36,74.08,6.8,67.28,86,3.26,41,125,892,8,0.66,0.468,0.469,0.7,4.7,0.16,0.142,1.615,0.045,0.296,10,0,10,10,0,73,4,0,0.11,3.3,1,43,1,0,0,0.028,0.047,0.18,0,144,71.226,0
75.53,89,1.15,0.13,0.83,22.36,2.1,20.26,12,0.35,10,16,199,1,0.04,0.024,0.109,0,1,0.027,0.047,0.177,0.127,0.036,4,0,4,4,0,189,9,0,0.07,2.1,0,113,0,0,85,0.03,0.036,0.04,0,259,284,0
70.62,144,20.78,6.16,1.02,0,0,0,6,2.13,22,199,356,63,4.33,0.079,0.013,18.3,0,0.11,0.18,3.59,0.36,0.44,7,0,7,7,3.25,0,0,0,0.13,1.2,0,0,0,0,0,2.32,2.61,0.24,59,28.35,453.6,29
76.27,96,2.02,1.11,1.14,19.45,1.8,8.78,141,2.5,21,70,76,144,0.47,0.061,0.636,4.4,0.2,0.186,0.223,2.637,0.114,0.278,56,50,6,90,0,694,208,208,0.1,0.6,0,0,0,0,0,0.19,0.384,0.321,0,159,20.021,0
74.61,108,24.18,0.49,0.98,0,0,0.20186,10,1.22,26,196,276,52,1.39,0.118,0.02,24.4,0,0.039,0.119,5.751,0.705,0.57,8,0,8,8,0.46,0,0,0,0.094419,0.52093,0.25581,1.8372,0.25581,1.4186,0,0.16,0.09,0.13,66,136,481,31
2.56,373,6.05,1.61,4.25,85.55,2.5,11,3333,60,26,366,94,698,50,0,0.096,5.1,200,5,5.67,66.7,33,6.67,1333,1314,19,2253,20,1426,389,381,45,0.2,46,70,0,0,977,0.4,0.214,0.368,0,30,20.021,0
66.52,211,17.42,15.2,1.16,0,0,0.20186,5,4.16,20,168,249,56,0.77,0.312,0.019,12.8,5.2,0.351,0.269,3.317,0.701,0.53,21,0,21,21,0.65,88,26,26,0.094419,0.52093,0.25581,1.8372,0.25581,1.4186,0,5.04,6.8,2.02,80,239,270,40
53.78,246,7.59,13.65,1.88,23.09,4.1,4.3831,73,2.14,46,197,242,430,1.36,0.116,0.27,6.7,9.9308,0.101,0.143,0.984,0.253,0.173,29,1,28,29,0.39,70,4,21.308,0.73,6.4,0,42,0,10.577,3.9615,3.984,7.022,1.432,19,195,76.179,0
75.31,137,19.56,5.92,0.92,0,0,0,17,1.04,22,151,204,82,1.85,0.06,0.021,13.5,0,0.074,0.164,6.672,1.224,0.33,9,0,9,9,0.36,99,30,30,0.22,2.4,0,0,0,0,0,1.52,1.84,1.47,81,31,51,71
72.72,137,20.98,5.21,0.92,0,0,0,5,2.01,24,216,360,53,5.65,0.068,0.011,28.8,0,0.067,0.201,5.24,0.776,0.527,11,0,11,11,5.39,0,0,0,0.2,0,0,0,0,0,0,1.89,2.014,0.295,59,203.05,201.4,0
67.7,116,0.5,0.3,3.4,26.1,0.9,21.7,15,0.62,10.182,9,81,1248,0.55386,0.10955,0.19543,2.2023,0.2,0.10925,0.090886,1.1601,0.19043,0.082182,14.864,6.6818,6.7045,18.114,0.77568,336,26.227,7.7045,0.21432,0.93636,14.045,90.727,0.45455,1051.9,14.818,0,1.0558,0.64377,0,34,245.35,0
6.1,443,2.5,17.3,1.1,73,1,51.9,76,0.34,25,85,163,203,0.88,0.185,0.172,2.4,0.7,0.058,0.119,0.195,0.182,0.016,5,0,5,5,0.24,127,35,35,0.97,6.2,0,4,0,0,0,11.9,3.203,0.775,13,42.5,21,0
57.53,240,25.17,14.65,1.23,0,0,0,9,2.57,23,217,372,72,6.28,0.09,0.015,21.9,0,0.08,0.19,3.18,0.41,0.26,7,0,7,7,3.31,0,0,0,0.1782,0.5764,0,0.78652,0,0,0,5.98,5.93,0.55,76,191,85,46
22.3,277,3.8,1.2,2,70.7,4.6,66.1,33,1.7,42,181,1110,3,0.28,0.631,0.234,1.3,183,0.01,0.57,3.1,0.171,0.09,12,0,12,12,0,0,0,0,0.31,1.6,0,0,0,0,0,0.27,0.328,0.361,0,2.5,71.226,46
56.59,222,31.84,8.87,1.06,1.64,0.1,0.20186,16,1.19,30,233,259,76,1.1,0.057,0.026,23.9,0,0.082,0.131,13.742,1.001,0.58,6,2,4,7,0.34,50,15,15,0.094419,0.52093,0.25581,1.8372,0.25581,1.4186,0,2.45,3.5,1.96,89,59,98,17
70.73,155,21.22,7.17,1,0,0,0,25,1.55,22,195,328,54,3.7,0.072,0.012,23.9,0,0.066,0.102,6.257,0.61,0.579,11,0,11,11,1.09,0,0,0,0.31,1.2,0,0,0,0,0,2.978,2.924,0.277,35,182.68,201.4,0
89.9,41,1.5,1.3,1.6,5.69,1.6841,3.7045,45.477,1.9136,10.182,54.091,144.57,586,0.55386,0.10955,0.19543,2.2023,5.5,0.10925,0.090886,1.1601,0.19043,0.082182,14.864,6.6818,6.7045,18.114,0.77568,535.73,26.227,7.7045,0.21432,0.93636,14.045,90.727,0.45455,1051.9,14.818,0.54,0.46,0.062,4,60,245.35,0
73.4,117,2.9,3.5,1.2,19.1,0.1,31.829,100,0.15,14,200,129,246,0.33,0.026,0.019,2,0.8,0.033,0.136,0.084,0.266,0.037,4,0,4,4,0.3,105,24,23,0.71429,1.1943,0,15,0.37143,0,2.7714,2.1,0.96,0.24,11,147,587,0
64.67,188,26.79,8.21,1.11,0,0,0,6,2.18,17,166,217,35,4.49,0.064,0.009,27.4,0,0.062,0.143,4.682,0.528,0.352,8,0,8,8,1.49,0,0,0,0.38,1.3,0,0,0,0,0,3.007,3.405,0.305,93,330,85,4
92.99,28,1.6,0.82,1.06,3.54,0.3,3.7045,5,0.39,2,20,31,334,0.24,0.051,0.103,4.4,0.1,0.03,0.026,0.572,0.07,0.015,8,7,1,13,0.06,120,6,0,0.21432,0.93636,14.045,90.727,0.45455,1051.9,14.818,0.23,0.33,0.2,2,244,30.5,0
48.22,225,5.33,5.17,1.98,39.29,2.4,9.73,71,2.19,14,293,124,505,0.38,0.054,0.156,5.6,0.3,0.344,0.51,2.91,0.15,0.148,71,57,14,111,0.09,216,64,64,0.28,6.5,0,1,0,0,20,0.81,1.891,1.081,18,40.56,73,0
40,241,7.69,2.89,2.89,46.15,1.7,3.85,75.561,2.77,25.902,141.29,156.9,577,0.59122,0.12807,0.47641,9.122,0.16585,0.23193,0.23044,2.4087,0.26676,0.11463,51.732,28.22,12.317,60.317,0.10049,191.07,37.341,36.268,0.27537,2.5707,0.073171,7.5854,0.12195,0.073171,13.902,0.962,5.3301,2.4011,0,62,72.074,0
3.7,434,1,11.36,2.1,81.84,4.5,80.54,8,0.57,15,35,133,682,0.35,0.143,0.462,3.6,0.3,0.01,0.029,0.102,0.135,0.05,2,0,2,2,0,0,0,0,0.07,0.1,0,0,0,0,0,11.364,0,0,0,88,25,0
2.5,401,4.45,5.65,2.31,85.07,2.5,44.52,21,18.99,56,169,206,699,15.82,0.16,0.65,6.5,0.1,1.58,1.79,21.1,0.37,2.11,1556,1537,19,2632,0.02,144,7,0,0.64,1.5,43,65,0,0,969,1.43,1.11,0.8,0,26,20.021,0
61.7,188,30.66,6.32,1.21,0,0,0,24,3.05,20.971,250,459,82,6.4,0.12206,0.023029,13.1,9,0.03,0.11,4.89,0.58,0.21856,18,0,18,18,2.55,0,0,0,0.15059,1.4088,0,0,0,0,0,2.68,2.68,0.2,58,340,85,0
65.67,165,28.48,4.73,0.97,0.15,0,0,5,6.38,21,254,219,59,2.87,0.559,0.033,38.9,0,0.101,1.21,6.68,1.6,0.245,5,0,5,5,10.8,0,0,0,0.29,0.5,0,0,0,0,0,1.404,1.011,0.985,212,85,201.4,16
68.72,149,21.72,6.29,0.99,0,0,0,28,1.62,23,204,340,57,4.12,0.072,0.014,25.4,0,0.06,0.106,7.353,0.647,0.596,13,0,13,13,1.18,0,0,0,0.31,1.2,0,0,0,0,0,2.612,2.477,0.245,42,28.35,453.6,4
89.8,33,2,0.6,1.2,6.4,2.9,2.73,140,1.8,24,42,232,44,0.28,0.115,0.23,0.3,18,0.13,0.175,0.514,0.057,0.16,13,0,13,13,0,9917,496,0,3.4,193.9,0,5950,0,0,4709,0.146,0.012,0.262,0,105,102.86,0
91.2,28,1.9,0.4,0.87,5.63,2,1.25,72,0.9,18,28,228,259,0.24,0.156,0.416,0.9,41,0.053,0.07,0.5,0.049,0.138,13,0,13,13,0,13621,681,0,0.85,51.684,0,8173,0,0,18246,0.052,0.03,0.193,0,130,102.86,0
7.54,364,7.27,6.36,2.41,76.36,9.8,27.27,36,8.18,73,273,364,455,6.82,0.291,2.256,7,0,0.68,0.77,9.09,0.582,0.909,182,163,19,296,2.73,7,0,0,1.61,2.4,1,4,0,0,150,0.91,2.73,0.91,0,55,20.021,0
93,23,1.84,0.45,0.6,4.11,2.3,2.08,16,0.32,9,32,142,15,0.17,0.018,0.132,0.6,44.3,0.042,0.052,0.41,0.508,0.173,44,0,44,44,0,12,1,0,0.07,13.8,0,7,0,0,29,0.07,0.032,0.217,0,62,54,0
84.29,56,0.66,0.34,0.37,14.34,2.3265,1.2383,9,0.36,20,31,453,21,0.17,0.085,0.223,0.2,5.7,0.046,0.042,0.26,0.501,0.099,12,0,12,12,0,260,13,0,0.32831,51.684,31.422,743.61,2.5783,139.89,1082.1,0.027,0.063,0.148,0,178,89,0
89.7,36,1.5,0.2,1.6,7,1.4,3.7045,12,2.24,16,30,270,430,0.17,0.096,0.19543,0.4,4,0.05,0.03,1.08,0.19043,0.149,19,0,19,19,0,550,28,0,0.21432,0.93636,14.045,90.727,0.45455,1051.9,14.818,0.029,0.016,0.107,0,255.56,245.35,0
47.49,332,24.01,23.61,0.65,4.24,0.025581,0.20186,31,2.42,19,132,180,82,3.07,0.13,0.052,18.6,0,0.078,0.259,5.348,0.982,0.25,11,5,6,15,0.26,190,57,57,0.094419,0.52093,0.25581,1.8372,0.25581,1.4186,0,6.32,9.7,5.47,94,11,36,29
84.36,53,3.4,0.47,0.62,11.15,3.4,1.2383,27,1.09,18,60,194,79,0.52,0.089,0.235,1.2,11.2,0.19,0.081,1.412,0.199,0.101,36,0,36,36,0,9497,475,0,0.32831,51.684,31.422,743.61,2.5783,139.89,1082.1,0.084,0.039,0.221,0,70,284,0
92.93,22,2.47,0.31,0.62,3.67,2.5,1.2383,118,1.51,27,27,184,12,0.17,0.057,0.369,0.9,26.8,0.044,0.091,0.383,0.14,0.1,74,0,74,74,0,6184,309,0,0.32831,51.684,31.422,743.61,2.5783,139.89,1082.1,0.073,0.02,0.125,0,82,284,0
10.71,384,1.05,5.44,0.34,82.28,0,79.77,34,0.02,3,28,46,51,0.13,0.008,0.007,1.7,0,0.011,0.074,0.039,0.12,0.009,1,0,1,1,0.08,168,46,45,0.14,0.5,0,10,0,0,0,2.807,1.164,0.085,15,50.825,32.01,0
10.4,361,10.2,1.3,3.2,75,2.8,0.4,303,28.6,33,282,130,391,0.97,0.185,1.3242,20,0,0.5,0.2,4.2,0.474,0.091,121,87,34,182,0,0,0,0,0.11,0.5,0,0,0,0,16,0.207,0.178,0.718,0,176,11,0
87.69,49,0.64,0.4,0.58,10.68,0.6,8.68,100,0.33,11,24,79,91,0.16,0.073,0.073,0.7,2.2,0.006,0.06,0.75,0.03,0.007,1,0,1,1,0.06,200,60,60,0.01,0,0,0,0,0,0,0.31,0.049,0.009,0,244,30.5,0
74.57,109,21.62,1.84,1.2,0,0,0,6,2.6,25,187,343,54,2.8,0.09,0.007,27,0,0.098441,0.094,1.91,0.76,0.21856,10.912,0,10.912,10.912,2.4297,0,0,0,0.15059,1.4088,0,0,0,0,0,0.69,0.72,0.19,62,28.35,453.6,0
49.7,260,3.5,15.4,1.7,29.6,2.2415,15.721,77,1.08,32,231,285,460,0.6,0.203,0.125,6.1,0.5,0.051,0.147,0.595,0.202,0.029,26,23,3,42,0.21,413,124,124,0.27537,2.5707,0.073171,7.5854,0.12195,0.073171,13.902,8.195,5.084,0.814,35,28.35,95,0
4.1,387,0,5,2.5,88.4,0.3,31.829,20,0.05,8,5,17,788,0.09,0.02,0.013,0.9,0,0,0,0,0,0,0,0,0,0,0,0,0,0,0.71429,1.1943,0,3.4571,0.37143,0,2.7714,0.9,1.48,2.41,0,88,22,0
22.9,367,4.1,16.4,1.7,54.6,2.8,15.721,43,2.2,34,122,200,334,0.69,0.242,0.321,3.3,0.1,0.027,0.133,0.577,0.202,0.04,17,9,8,23,0.14,85,26,26,0.27537,2.5707,0.073171,7.5854,0.12195,0.073171,13.902,4.771,8.76,1.845,42,28.35,64,0
86.6,54,1.5,0.2,0.5,11.2,0.5,22.125,21,4.3,5,42,19,194,0.14,0.028,1.3242,10.878,0,0.1,0,0.6,0.071,0.012,45,41,4,74,0,0,0,0,1.9032,1.2488,7.5366,13.171,0.073171,0,195.9,0.031,1.2274,1.0471,0,239,179,0
10.62,411,4.88,12.8,2.68,69.02,1.5,15.721,25,2.46,25.902,141.29,88,640,0.59122,0.12807,0.47641,9.122,0,0.32,0.24,2.6,0.26676,0.11463,78,28.22,12.317,60.317,0.10049,19,37.341,36.268,0.27537,2.5707,0.073171,7.5854,0.12195,0.073171,13.902,2.96,5.04,1.2,16,24,72.074,0
67.3,116,0.79,0.18,0.58,31.15,2.3,14,2,0.58,32,28,465,5,0.13,0.066,0.2756,1.4,10.9,0.046,0.052,0.756,0.233,0.24,26,0,26,26,0,909,45,0,0.13,0.7,353,369,0,0,28,0.069,0.015,0.033,0,200,154,0
88.84,40,0.5,0.11,0.25,10.3,0.6,9.7,10,0.98,6,18,107,6,0.05,0.056,0.039,0.1,1,0.031,0.023,0.13,0.041,0.065,3,0,3,3,0,45,2,0,0.13,9.8,1,26,0,0,48,0.035,0.004,0.031,0,245,71.226,0
90.69,28,2.98,0.35,0.92,5.24,2.3265,1.2383,48,0.88,25,66,325,27,0.4,0.045,0.229,3,93.2,0.065,0.119,0.638,0.535,0.159,71,0,71,71,0,400,20,0,0.32831,51.684,31.422,743.61,2.5783,139.89,1082.1,0.054,0.024,0.167,0,114,102.86,0
81.96,63,1.4,0.41,0.86,15.38,2.3686,13.673,55,1.54,24,59,322,2,0.27,0.086,0.256,0.38571,181,0.05,0.05,0.3,0.398,0.066,7.8,0,7.8,7.8,0,230,12,0,1,1.8943,11.571,41.4,10.829,0,45.429,0.034,0.058,0.179,0,112,71.226,2
61.97,208,28.31,9.65,1.1,0,0,0,7,2.29,18,174,227,37,4.7,0.067,0.01,28.7,0,0.065,0.151,4.947,0.558,0.372,9,0,9,9,1.57,0,0,0,0.41,1.4,0,0,0,0,0,3.664,4.117,0.372,62,333,85,1
68.7,101,8.8,0.45,0.8,21.25,2.3265,1.2383,14,3.1,35,153,284,246,1.6,0.337,0.502,0.6,12.6,0.22,0.09,1.2,0.571,0.164,67,0,67,67,0,41,2,0,0.32831,51.684,31.422,743.61,2.5783,139.89,1082.1,0.053,0.095,0.201,0,128.95,102.86,0
74.62,103,22.5,0.8,1.1,0,0,0,3,4.5,42,236,300,120,3.5,0.211,0.029,32.5,0,0.267,0.451,7.397,2.708,0.634,13,0,13,13,6.67,0,0,0,0.22,0.52093,0,0,0,0,0,0.201,0.319,0.109,71,513.02,85,0
4,423,4,9.8,2.2,79.9,0.7,44.21,115,1.57,9,253,63,687,0.27,0.058,0.28,2.4,0,0.307,0.188,2.588,0.242,0.016,104,95,9,171,0.05,0,0,0,0.77,2.5,0,0,0,0,1,2.472,5.496,1.295,0,28.35,524,0
83.29,58,2.57,0.1,1.61,12.44,2.5,1.2383,30,3.24,23,38,413,10,0.35,0.423,0.602,0.3,11.4,0.021,0.038,1.033,0.302,0.239,17,0,17,17,0,0,0,0,0.32831,51.684,31.422,743.61,2.5783,139.89,1082.1,0.026,0.002,0.043,0,38,102.86,0
46.4,283,10.35,15.78,2.68,24.79,0.7,4.03,231,1.9,17,249,168,650,1.04,0.074,0.227,22.2,0,0.243,0.426,2.052,0.828,0.117,27.385,9.7692,20.423,27.231,0.53,197.88,22.731,21.308,1.11,9.5,0,8.3462,0.11538,10.577,3.9615,4.766,6.668,2.93,139,110.43,76.179,0
96.96,17,2.26,0.81,0.74,0,0,0,3,0.01,7,56,144,156,0.06,0.058,0.052,1,0.1,0.033,0.076,1.186,0.329,0.037,2,0,2,2,0.69,6,2,2,0.17,0,0,0,0,0,0,0.203,0.236,0.138,1,233,245.35,0
56.92,222,27.71,11.48,1.39,0,0,0,7,3.69,27,239,391,61,4.79,0.145,0.016,23.7,0,0.1,0.31,3.41,0.28,0.29,9,0,9,9,2.71,0,0,0,0.15,0.5764,0,0,0,0,0,4.33,4.48,0.52,83,251,85,26
2.59,382,7.27,3.64,2.5,84,7.3,34.55,36,8.18,73,182,309,491,6.82,0.145,2.407,17.3,10.9,0.68,0.77,9.09,0.703,0.909,182,163,19,296,2.73,5,0,0,0.82,2.4,0,1,3,0,111,0.91,1.82,0.91,0,55,20.021,0
65.26,179,27.56,6.77,1.07,0,0,0,6,2.43,19,174,225,36,4.82,0.065,0.009,31.4,0,0.057,0.172,5.294,0.541,0.385,9,0,9,9,1.63,0,0,0,0.37,1.3,0,0,0,0,0,2.334,2.831,0.274,89,28.35,453.6,10
53.01,272,26.19,17.73,1.05,0,0,0,9,3.33,19,207,259,57,6.79,0.13,0.001,27.9,0,0.067,0.226,2.857,0.025,0.241,8,0,8,8,2.74,0,0,0,0.11,0.5764,0,0,0,0,0,6.699,8.011,0.705,94,85,453.6,8
76.62,113,17.13,4.79,1.05,0.41,0,0,6,4.18,22,222,295,94,3.37,0.394,0.058,35.9,3,0.212,0.97,4.75,3.12,0.441,6,0,6,6,15.4,107,23,21,0.04,0,0,23,0,21,0,1.316,1.391,1.272,147,231.7,468.29,0
3.11,346,2.86,3.52,14.82,75.69,4.8,25.83,108,19.64,40,86,437,6416,0.7,0.183,0.707,2.2023,1.4,0.121,0.049,0.513,0.24,0.432,45,6.6818,6.7045,18.114,0,60,26.227,7.7045,0.21432,0.93636,14.045,90.727,0.45455,1051.9,14.818,0.309,1.347,1.865,1,425,5.6,0
81,68,2.73,0.17,0.74,15.36,3.1,2.9,47,0.55,18,56,283,252,0.3,0.07,0.21,0.6,4.6,0.056,0.173,0.392,0.276,0.218,15,0,15,15,0,0,0,0,0.19,0.3,0,0,0,0,0,0.16277,0.24882,0.23428,0,135,102.86,0
2.7,443,8.8,17.2,2.7,68.6,10.5,0.37,50,3.08,99,295,297,659,2.15,0.444,2.247,14.7,0,0.201,0.1,4.519,0.813,0.183,28,0,28,28,0,0,0,0,0.86,8.3,0,0,0,0,179,3.393,5.88,6.596,0,94,4,0
53.28,266,14.47,17.06,1.67,13.52,1.6,3.61,78,5.3,19,128,189,387,3.5,0.078,0.14,17,0.2,0.267,0.21,3,0.2,0.112,27,22,5,42,0.41115,197.88,22.731,21.308,0.06,11.5,0,8.3462,0.11538,10.577,3.9615,6.998,6.298,2.987,47,399,76.179,0
81.65,94,11.71,4.05,0.6,1.99,0,0,81,0.66,15,66,42,68,1.71,0,0.103,11.8,0,0,0.025,0.461,0.097,0,3,0,3,3,0.72,0,0,0,0.14,0,0,0,0,0,0,1.357,1.604,0.208,157,182.68,201.4,0
2,321,15.2,2.1,6.05,74.65,10.4,1.2383,360,7.6,161,346,2400,35,0.66,0.657,2.634,5.7,118,0.8,0.4,3.5,0.767,1.209,366,0,366,366,0,277,14,0,0.32831,51.684,31.422,743.61,2.5783,139.89,1082.1,0.279,0.029,1.161,0,0.2,0.8,0
82.4,74,1.95,2.38,2.01,11.27,0.4,8.88,27,0.85,21,36,376,481,0.54,0.188,0.16,1.4,3.1,0.024,0.061,3.917,0.076,0.173,11,0,11,11,0,540,27,0,2.04,13.9,0,324,0,17199,0,0.431,0.771,1.028,0,250,125,0
47.49,358,22.5,29.01,0.98,0,0,0,11,2.34,20,175,301,63,5.35,0.083,0.013,22,0,0.07,0.17,3.41,0.31,0.23,7,0,7,7,2.54,0,0,0,0.1782,0.5764,0,0.78652,0,0,0,11.7,12.47,1.03,84,290,85,17
75.43,94,2.1,0.15,1.24,21.08,2.1,1.39,10,0.64,27,75,544,7,0.35,0.127,0.189,0.5,12.6,0.048,0.043,1.528,0.383,0.211,38,0,38,38,0,10,1,0,0.04,2.7,0,6,0,0,30,0.021,0.002,0.036,0,299,138,0
91.2,26,2.5,0.2,1.03,5.07,1.5,1.8,8,0.6,11,130,484,6,0.6,0.4,0.142,11,0,0.077,0.48,4.5,1.5,0.1,22,0,22,22,0.05,0,0,0,0.02,0,31.422,743.61,2.5783,139.89,1082.1,0.022,0.003,0.081,0,85.5,83.52,3
87.9,48,1.42,0.07,0.14,10.47,0.3,0.04,4,0.5,2,12,13,2,0.08,0.016,0.093,9.1,0,0.061,0.043,0.489,0.056,0.007,34,32,2,57,0,0,0,0,0.01,0,0,0,0,0,2,0.01,0.01,0.03,0,233,14.6,0
52.51,277,12.12,19.21,1.78,14.37,0.97692,4.3831,93,3.58,17,152,207,600,1.89,0.072,0.165,21.2,0.1,0.24,0.35,2.07,0.73,0.12,38,19,19,51,0.95,476,139,138,0.33462,2.1115,0,8.3462,0.11538,10.577,3.9615,5.81,7.91,3.95,184,148,76.179,0
57.86,275,21.57,20.28,0.73,0,0,0,10,2.63,16,134,158,67,2.99,0.21,0.033,28,7,0.08,0.42,3.69,0.34,0.17,3,0,3,3,6.3,0,0,0,0.15059,1.4088,0,0,0,0,0,7.83,10,1.25,189,255,85,0
1.5,395,5.2,2.1,2.2,88.9,2.5,38.3,17,9.31,37,93,120,743,5.17,0.068,0.152,20.1,0,1.29,1.47,17.24,0.198,1.73,345,326,19,573,5.17,2583,748,742,0.19,0.7,32,50,0,0,721,0.6,0.49,0.69,0,29,20.021,0
34.8,274,7.7,2.6,1.4,53.6,2,15.721,32,3.18,17,96,111,336,0.59,0.112,0.46,23.1,0,0.431,0.352,3.731,0.284,0.037,85,58,27,126,0.02,41,12,12,0.27537,2.5707,0.073171,7.5854,0.12195,0.073171,13.902,0.391,0.527,1.401,0,28.35,44,0
3.6,401,4,9.5,2.5,80.1,3.5,49.54,97,1.93,22,294,149,643,0.42,0.156,0.105,3.1,0,0.255,0.176,2.605,0.072,0.035,56,46,10,88,0,3,1,1,0.08,3.8,0,0,0,0,4,3.205,3.781,1.823,0,28.35,517,0
45.77,279,7.6,15.31,1.8,29.52,0.9,9.86,49,1.58,13,216,168,437,0.69,0.073,0.13,10.969,0.4,0.208,0.277,1.876,0.618,0.123,27.385,9.7692,20.423,27.231,0.35,260,22.731,21.308,0.33462,2.1115,0,8.3462,0.11538,10.577,3.9615,3.839,5.959,2.58,110,437.09,76.179,0
11.5,460,3.02,22.55,1.71,61.23,5.1,45.16,5,0.82,25.902,141.29,123,241,0.59122,0.12807,0.47641,9.122,0,0.02,0.06,0.22,0.26676,0.11463,5,28.22,12.317,60.317,0.10049,0,37.341,36.268,0.27537,2.5707,0.073171,7.5854,0.12195,0.073171,13.902,20.1,1.61,0.81,0,22,72.074,0
88.11,48,0.85,1.1,1.05,8.88,0.6,2.98,9,0.32,2,14,134,330,0.21,0.052,0.156,0.9,6,0.025,0.02,0.427,0.05,0.031,6,0,6,6,0,239,14,2,0.99,1.8,0,140,0,9856,1,0.21,0.24,0.55,1,247,600,0
71.2,130,2.3,3.6,0.9,22,0,20.2,88,0.13,8,68,113,135,0.25,0.03,0.004,2,0,0.022,0.139,0.252,0.174,0.011,0,0,0,0,0.1,21,6,6,0,0,0,1,0,0,0,1.512,1.483,0.41,7,28.35,113,0
72.82,136,20.05,5.55,0.72,0,0,0,13,1.57,19,213,330,41,1.57,0.145,0.026,23.7,0,0.1,0.15,7.27,0.8,0.5,8,0,8,8,7.16,0,0,0,0.15059,1.4088,0,0,0,0,0,1.66,1.5,1.08,57,28.35,453.6,0
71.44,140,22.69,4.78,1.16,0,0,0,20,2.12,25,222,352,57,4.29,0.101,0.014,28.6,0,0.095,0.163,6.901,0.675,0.666,13,0,13,13,1.89,0,0,0,0.3,1.2,0,0,0,0,0,1.637,2.014,0.205,65,28.35,453.6,6
0.57,389,1,0.1,2.2,96.13,1.9,3.7045,54,2.14,12,60,87,1030,0.12,0.037,0,2.2023,0,0.02,0.127,1.1,0.9,0.5,3,0,3,3,0,0,0,0,0.21432,0.93636,14.045,90.727,0.45455,1051.9,14.818,0.01,0.02,0.06,0,75.6,56.7,0
92.3,27,0.66,0.26,0.32,6.46,1.4,2.53,21,0.34,11,14,117,18,0.2,0.035,0.109,0.3,3.5,0.038,0.022,0.81,0.355,0.099,8,0,8,8,0,110,6,0,0.12,0.8,15,59,0,0,0,0.062,0.022,0.126,0,155,102.86,0
67.01,181,27.18,7.18,0.73,0,0,0,13,1.12,18,134,153,73,2.02,0.047,0.017,21.7,0,0.044,0.11,5.2,0.571,0.32,3,0,3,3,0.22,54,16,16,0.27,0.2,0,0,0,0,0,2,2.31,1.57,74,140,14,68
45.9,378,22.5,31.28,0.89,0,0,0,10,2.3,19,169,286,63,5.65,0.087,0.013,21.6,0,0.07,0.18,3.59,0.36,0.22,7,0,7,7,2.31,0,0,0,0.1782,0.5764,0,0.78652,0,0,0,12.62,13.39,1.09,85,296,85,15
2.68,389,6.13,2.33,3.1,85.9,3.6,39.25,107,14.43,51,122,165,648,5.6,0.12,1.3242,6.5,52.5,1.325,1.5,17.75,0.151,1.8,358,339,19,594,5.18,1740,501,497,0.21,0.7,24,37,0,0,528,0.525,0.975,0.775,0,79.228,20.021,0
66.35,200,20.13,12.59,1.01,0,0,0,10,2.18,22,196,373,63,4.66,0.067,0.014,17.1,0,0.09,0.15,3.74,0.34,0.42,6,0,6,6,3.57,0,0,0,0.1782,0.5764,0,0.78652,0,0,0,5.16,5.64,0.43,59,28.35,453.6,43
90.95,32,0.67,0.3,0.4,7.68,2,4.89,16,0.41,13,24,153,1,0.14,0.048,0.386,0.4,58.8,0.024,0.022,0.386,0.125,0.047,24,0,24,24,0,12,1,0,0.29,2.2,0,7,0,0,26,0.015,0.043,0.155,0,152,232,6
63.03,223,18.87,15.75,0.93,0,0,0,7,1.92,19,178,309,58,3.79,0.071,0.013,14.6,0,0.1,0.16,3.25,0.32,0.39,7,0,7,7,2.97,0,0.067416,0,0.1782,0.5764,0,0.78652,0,0,0,6.37,6.82,0.58,65,28.35,453.6,11
65.37,175,28.08,6.06,1.12,0,0,0,7,2.28,19,179,232,37,4.81,0.073,0.01,28.1,0,0.071,0.141,4.738,0.554,0.369,9,0,9,9,1.44,0,0,0,0.37,1.3,0,0,0,0,0,2.179,2.567,0.228,68,463.87,201.4,1
3.81,405,11.4,11.8,9.77,63.22,1.4,10.2,160,1.3,26,199,272,3250,1.19,0.163,0.132,2.2023,1.2,0.081,0.278,1.718,0.875,0.134,16,6.6818,6.7045,18.114,0.39,208,26.227,7.7045,0.21432,0.93636,14.045,90.727,0.45455,1051.9,14.818,4.07,4.399,3.692,28,8,641,0
4.5,334,12.5,1.4,1.7,79.9,13.4,1,45,4.18,137,398,420,5,3.27,0.4,3.237,8.2,0,0.26,0.12,6.31,0.913,0.33,46,0,46,46,0,0,0,0,2.32,1.3,0,0,0,0,0,0.2,0.173,0.634,0,59,102.86,0
3.4,381,6.3,1.13,2.8,86.4,1,9,7,35.1,24,121,124,899,1.08,0.203,1.138,14.6,62.1,1.71,1.99,19.8,0.831,2.89,1214,1210,4,2061,6.14,2920,877,877,0.11,0,0,0,0,0,0,0.465,0.251,0.358,1,33,20.021,0
65.99,215,18.6,15.06,0.79,0,0,0,11,0.9,20,147,189,70,1.31,0.048,0.019,14.4,1.6,0.06,0.12,6.801,0.91,0.35,6,0,6,6,0.31,140,42,41,0.3,1.5,0,0,0,0,0,4.31,6.24,3.23,75,276,460,32
43.92,320,12.58,21.98,2.74,18.33,0.97692,4.3831,117,1.7,18,214,156,689,1.47,0.077,0.172,19,1.7,0.27,0.26,1.7,0.83,0.09,35,8,27,41,0.67,366,110,110,0.33462,2.1115,0,8.3462,0.11538,10.577,3.9615,11.963,7.113,1.363,167,129,76.179,0
70.2,159,19.25,8.5,0.95,0,0,0,10,2.34,20,184,319,77,5.91,0.082,0.014,16.6,0,0.11,0.19,2.36,0.32,0.4,6,0,6,6,3.85,0,0,0,0.1782,0.5764,0,0.78652,0,0,0,3.19,3.78,0.32,65,28.35,453.6,37
75.42,93,1.96,0.1,0.97,21.55,1.5,1.7,5,0.35,25,50,391,5,0.29,0.215,0.161,0.3,12.8,0.105,0.021,1.395,0.555,0.301,9,0,9,9,0,0,0,0,0.04,0.3,0,0,0,0,0,0.026,0.002,0.043,0,61,156,23
63.66,232,18.51,16.9,0.94,0.08,0,0.20186,11,1.41,21,181,213,47,1.32,0.063,0.028,12.2,2.6,0.065,0.183,7.074,1.101,0.36,27,0,27,27,1.01,905,272,272,0.094419,0.52093,0.25581,1.8372,0.25581,1.4186,0,4.89,7.16,3.6,87,2152,468.29,27
81.5,78,1.29,2.61,2.19,12.41,1.5,1.2383,45,0.59,10,32,181,23,0.2,0.023,0.097,0.7,32.7,0.066,0.062,0.272,0.128,0.126,27,0,27,27,0,367,53,41,0.32831,51.684,31.422,138,2.5783,139.89,1082.1,0.385,0.708,1.351,8,8,60,0
59.19,202,8.15,9.75,1.65,21.26,0.97692,4.3831,121,1.75,23,81,183,497,2.57,0.313,0.217,13.7,1,0.13,0.53,1.92,0.82,0.09,50,32,18,72,0.71,390,28,10,0.33462,2.1115,0,8.3462,0.11538,10.577,3.9615,4.649,3.923,0.303,28,180,76.179,0
77.66,83,0.51,0.09,0.29,21.45,1.6,13.673,9,0.43,8,13,134,11,0.1,0.065,0.051,0.38571,2.8,0.019,0.023,0.416,0.092,0.054,2,0,2,2,0,1240,62,0,0.22943,1.8943,11.571,41.4,10.829,0,45.429,0.006,0.037,0.017,0,258,71.226,6
48.3,349,24.4,27.17,0.87,0,0,0,8,2.43,19,194,241,69,6.13,0.1,0.015,21.7,0,0.06,0.2,3.14,0.3,0.25,7,0,7,7,2.38,0,0,0,0.1782,0.5764,0,0.78652,0,0,0,10.64,12.21,0.88,92,332,85,1
0.45,538,10.22,33.21,1.53,54.34,3.8,47.22,110,1.39,47,163,394,41,0.93,0.17,0,0,0.9,0.14,0.14,3.44,0.42,0.07,38,0,38,38,0.33,125,35,35,3.17,3.6,0,0,0,0,5,14.13,8.203,4.366,10,49,73,0
65.55,179,27.17,6.95,1.09,0,0,0,20,1.68,24,222,359,58,5,0.074,0.01,34.1,0,0.078,0.144,7.939,0.535,0.6,9,0,9,9,1.3,0,0,0,0.37,1.3,0,0,0,0,0,2.517,3.502,0.223,59,547.32,201.4,6
81.26,69,0.39,0.1,0.3,17.95,1.8,16.15,27,0.29,10,10,102,1,0.11,0.108,0.086,0.2,1,0.022,0.038,0.437,0.069,0.07,2,0,2,2,0,37,2,0,0.1,4.2,0,22,0,0,8,0.02,0.022,0.048,0,252,28,0
64.59,175,26.32,6.94,1.43,0,0,0,21,0.85,26,222,340,96,3.24,0.117,0.03,11.6,0,0.06,0.3,9.46,1.27,0.37,16,0,16,16,1.31,0,0,0,0.49,5.5,0,0,0,0,0,2.58,2.49,0.57,106,208,85,42
1.57,535,3.13,32.18,1.2,61.72,1.3,59.89,107.97,0.57,10,61,153,317,0.17,0.04,0,0,0.5,0.02,0.1,0.13,0.04,0.0638,3,0.6,3,8.2,0.22571,718,23.943,23.571,0.71429,1.1943,0,3.4571,0.37143,0,2.7714,18.78,9.29,1.28,53,39,32.01,0
88,40,1.42,0.4,1.3,8.88,1.6,2.14,23,0.67,12,27,124,196,0.19,0.051,0.091,1.8,1.8,0.07,0.039,0.65,0.187,0.045,10,0,10,10,0,550,28,0,0.72,4.7,49,303,5,4016,396,0.07,0.206,0.147,0,245,245.35,0
88.59,38,2.63,0.43,0.6,7.76,3.9,1.2383,19,0.5,27,58,248,47,0.32,0.054,0.243,0.2,5.3,0.058,0.14,0.86,0.188,0.082,126,0,126,126,0,154,8,0,0.32831,51.684,31.422,743.61,2.5783,139.89,1082.1,0.099,0.012,0.179,0,255,102.86,0
1.8,400,3.33,5,3.05,86.67,5,46.67,333,15,27,67,200,533,12.5,0.133,0.489,6.5,20,1.25,1.42,16.67,0.174,1.667,333,314,19,553,5,28,1,0,0.78,5.1,8,13,0,0,184,0,3.33,0,0,30,20.021,0
88.98,29,1.1,0.3,0.3,9.32,2.8,2.5,26,0.6,8,16,138,2,0.06,0.037,0.03,0.4,53,0.04,0.02,0.1,0.19,0.08,11,0,11,11,0,22,1,0,0.15,0,1,3,20,0,11,0.039,0.011,0.089,0,212,58,47
48.24,228,6,5.84,1.65,38.27,1.4,8.84,84,1.83,19,260,173,358,0.42,0.091,0.253,10.969,9.9308,0.299,0.267,2.17,0.711,0.077,96,9.7692,96,27.231,0.41115,57,3,0,0.7,2.1115,0,34,0.11538,10.577,3.9615,1.158,1.236,2.978,13,149,76.179,0
93.3,20,1.15,0.1,0.95,4.5,1.3,0.96,26,0.9,13,19,109,251,0.29,0.038,0.2,0.4,4.8,0.015,0.056,0.201,0.129,0.037,32,0,32,32,0,105,5,0,0.29,9.9,0,63,0,0,441,0.022,0.004,0.051,0,135,62,0
50.44,315,23.43,23.88,1.3,0,0,0,23,2.05,19,208,159,49,2.65,0.109,0.021,2,0,0.12,0.36,7.93,0.5,0.11,1,0,1,1,2.53,0,0,0,0.13,4.9,0,0,0,0,0,11.96,9.2,1.09,112,85,43,27
62.83,197,28.57,8.33,1.02,0,0,0,21,1.41,26,208,285,63,2.04,0.048,0.02,29.1,0,0.056,0.132,6.289,0.626,0.47,6,0,6,6,0.35,0,0,0,0.13,0,0,0,0,0,0,2.34,2.84,2.01,76,140,136,14
89.1,38,0.76,0.04,0.48,9.62,1,13.673,4,0.11,6,17,216,1,0.08,0.048,0.017,0.38571,61,0.034,0.027,0.22,0.171,0.036,7.8,0,7.8,7.8,0,8,0,0,0.22943,1.8943,0,0,10,0,45.429,0.11054,0.44363,0.12377,0,190,609,44
66.27,157,29.9,3.22,1.08,0,0,0,19,1.35,28,219,305,64,2.04,0.042,0.02,32.1,0,0.061,0.129,6.838,0.677,0.54,6,0,6,6,0.37,0,0,0,0.09,0,0,0,0,0,0,1.03,0.56,0.86,69,140,117,26
65.57,161,25.73,5.72,1.5,0,0,0,8,3.02,23,234,293,73,7.83,0.121,0,25.2,0,0.11,0.229,3.612,0,0.32,8,0,8,8,3.37,0,0,0,0.16,0.5764,0,0,0,0,0,1.721,2.721,0.401,65,85,453.6,5
85.02,55,0.41,0.08,0.19,14.3,1.2,11.46,5,0.29,5,13,85,6,0.08,0.075,0.029,0.38571,3.1,0.013,0.038,0.385,0.041,0.016,2,0,2,2,0,198,10,0,0.22943,2.9,0,79,80,0,0,0.01,0.44363,0.12377,0,183.24,71.226,9.4571
90.82,32,0.43,0.09,0.35,8.3,0.8,7.5,15,0.4,18,4,127,1,0.12,0.105,1.121,0.4,7.7,0.093,0.026,0.298,0.1,0.074,5,0,5,5,0,38,2,0,0.01,0.3,0,23,0,0,0,0.006,0.011,0.031,0,246,47,0
72.9,113,0.7,1.32,0.43,24.64,0,31.829,8,0.18,2,21,5,64,0.16,0.014,0.007,2.1,0,0.006,0.028,0.003,0.159,0.014,4,0,4,4,0.1,79,23,23,0.71429,1.1943,0,3.4571,0.37143,0,2.7714,0.39,0.48,0.172,52,50.825,32.01,0
66.88,192,20.7,11.54,1.01,0,0,0,20,1.74,22,199,327,56,3.82,0.091,0.013,24.8,0,0.082,0.126,6.183,0.595,0.613,11,0,11,11,1.49,0,0,0,0.35,1.4,0,0,0,0,0,4.544,4.987,0.441,58,28.35,453.6,2
90.07,36,0.72,0.09,0.89,8.23,2.3265,1.2383,11,0.57,11,16,135,242,0.15,0.046,0.057,0.7,14.1,0.017,0.028,0.19,0.121,0.04,8,0,8,8,0,19,0,0,0.32831,51.684,31.422,743.61,2.5783,139.89,1082.1,0.16277,0.24882,0.23428,0,128.95,102.86,0
35.53,482,19.03,44.45,0.63,0,0,0.20186,32,1.82,15,133,155,44,2.06,0.078,0.022,144.1,0,0.021,0.133,2.801,0.297,0.07,4,0,4,4,0.24,0,0,0,0.094419,0.52093,0.25581,1.8372,0.25581,1.4186,0,11.59,18.94,10.18,106,31,196,0
94,17,0.7,0.1,1.13,4.07,1.6,1.2383,70,0.7,42,23,400,170,0.17,0.231,0.256,0.2,2,0.02,0.03,0.3,0.338,0.116,68,0,68,68,0,0,0,0,0.32831,51.684,31.422,743.61,2.5783,139.89,1082.1,0.011,0.018,0.041,0,178,102.86,51
91.99,34,1.98,1.26,1.09,3.68,0.3,0.62,6,0.45,2,19,41,390,0.63,0.057,0.112,3,0.1,0.028,0.024,0.437,0.08,0.015,8,6,2,12,0.08,50,3,1,0.28,0.5,0,29,0,2056,4,0.47,0.51,0.2,2,244,30.5,0
54.2,247,32.4,12.1,1.3,0,0,0,16,1.43,22,242,271,43,1.37,0.084,0.031256,20.7,2.3,0.07,0.18,7.53,1.0776,0.75,5,0,5,5,0.72,190,57,57,0.27,4.9,0,0,0,0,0,3.517,5.627,1.537,89,140,468.29,0
10.5,369,10.6,0.5,0.4,78,1.9,22.125,14,1.5,13,88,94,3,0.53,0.079,0.693,23.5,0,0.06,0.1,0.7,0.416,0.058,24,0,24,24,0,0,0,0,0.11,1.2488,7.5366,13.171,0.073171,0,195.9,0.08,0.06,0.22,0,176,10.9,0
94.74,16,0.64,0.05,0.64,3.93,1.4,1.69,13,0.35,22,40,253,3,0.18,0.086,0.178,0.2,4.6,0.041,0.041,0.428,0.114,0.078,17,0,17,17,0,1117,56,0,0.12,4.2,0,670,0,0,1150,0.01,0.004,0.021,0,180,120,0
9.99,435,4.89,16.53,1.84,66.76,2,37.2,32,2.19,25.902,141.29,185,377,0.59122,0.12807,0.47641,9.122,0,0.27,0.15,1.64,0.26676,0.11463,50,28.22,12.317,60.317,0.10049,15,37.341,36.268,0.27537,2.5707,0.073171,7.5854,0.12195,0.073171,13.902,4.61,5.61,2.72,8,28,72.074,0
58.7,199,36.12,5,1.75,0,0,0,4,3.32,26,226,334,45,4.56,0.124,0.018,33,0,0.07,0.25,3.81,0.37,0.28,9,0,9,9,2.7,0,0,0,0.14,1.6,0,0,0,0,0,1.72,1.94,0.22,90,261,85,4
49.96,274,12.59,17.83,2.34,17.28,0.9,1.57,172,1.97,18,171,171,572,1.22,0.094,0.189,10.969,0,0.262,0.344,2.93,0.818,0.149,27.385,9.7692,20.423,27.231,0.7,335,22.731,21.308,0.5,2.1115,0,8.3462,0.11538,10.577,3.9615,6.008,6.581,2.768,154,165.35,76.179,0
60.7,267,16.88,21.59,0.88,0,0,0,12,1.57,22,160,230,58,3.33,0.104,0.019,19.8,0,0.12,0.22,6.1,0.67,0.13,18,0,18,18,2.39,0,0,0,0.21,1.4088,0,0,0,0,0,9.47,8.86,1.7,72,28.35,453.6,23
55.04,290,26.86,19.46,0.75,0,0,0,15,1.27,19,151,184,82,1.82,0.057,0.018,22.2,0,0.042,0.128,6.648,0.897,0.42,3,0,3,3,0.29,158,47,47,0.27,0.3,0,0,0,0,0,5.45,7.64,4.14,84,140,21,48
51.86,349,16.39,30.9,0.78,0,0,0,10,1.73,16,156,276,53,3.51,0.056,0.012,16.1,0,0.077,0.123,3.012,0.275,0.34,5,0,5,5,2.91,0,0,0,0.1782,0.5764,0,0.78652,0,0,0,13.33,14.03,1.1,71,28.35,453.6,17
66.9,128,0.4,0,0,32.6,0,32.6,2,0.16,1,1,3,22,0.02,0.013,0.02,0.1,1,0.001,0,0.007,0.003,0.001,0,0,0,0,0,0,0,0,0,0,0,0,0,0,0,0,0,0,0,99,32.01,0
56.04,267,26.46,17.12,1.06,0,0,0,19,1.69,22,205,329,54,4.76,0.079,0.009,28.6,0,0.072,0.128,7.041,0.522,0.554,8,0,8,8,1.56,0,0,0,0.47,1.7,0,0,0,0,0,6.743,7.136,0.634,90,85,104,4
38.58,247,12.95,3.35,3.82,41.29,6.8,5.57,107,2.43,82,202,248,472,1.8,0.377,2.135,40.3,0,0.353,0.216,4.714,0.686,0.209,50,0,50,50,0,3,0,0,0.51,7.8,0,2,0,0,76,0.747,1.597,0.6,0,28.35,28,0
68.21,143,27.1,3.03,1.46,0,0,0,17,3.73,0,201,405,86,5.27,0.303,0.042,11.8,0,0.09,0.61,3.95,0.76,0,5,0,5,5,1.19,0,0,0,0.34,1.2,0,0,0,0,0,0.93,1.36,0.23,75,340,85,0
44.87,386,21.95,32.38,0.96,0,0,0,11,2.13,20,169,310,62,5.19,0.081,0.014,27.7,0,0.08,0.18,3.19,0.32,0.3,6,0,6,6,2.84,0,0,0,0.1782,0.5764,0,0.78652,0,0,0,13.42,14.13,1.12,85,274,85,19
13,384,3.8,11.1,0.7,71.3,3.7,0.09,12,1.35,6,52,314,94,0.13,0.026,0.406,2.7,0,0.099,0.14,0.999,0.066,0.007,43,41,2,72,0.02,0,0,0,0,0,0,0,0,0,0,5.096,4.573,0.806,0,28.35,22,0
47.72,332,23.61,25.6,1.16,0,0,0,9,3.06,22,200,326,56,3.97,0.121,0.014,23.1,0,0.08,0.26,2.97,0.25,0.25,7,0,7,7,2.45,0,0,0,0.1782,0.5764,0,0.78652,0,0,0,10.13,10.71,1.03,86,330,85,2
51.57,316,25.17,23.08,1.09,0,0,0,20,1.81,24,196,327,77,3.48,0.13,0.022,27.4,0,0.1,0.25,7.1,0.64,0.13,18,0,18,18,2.47,0,0,0,0.13,4.8,0,0,0,0,0,9.83,9.7,1.68,100,85,64,23
59.65,234,22.83,15.12,2.15,0,0,0,12,2.12,19,431,291,52,2.68,0.083,0.043,64.8,20,0.02,0.21,2.56,0.85,0.05,13,0,13,13,5.54,0,0,0,0.15059,1.4088,0,0,0,0,0,6.84,5.45,0.74,400,231,85,0
2.75,433,6.67,11.67,2.9,76.01,3.3,43.33,333,15,27,67,200,450,12.5,0.16429,1.3242,10.878,20,1.25,1.42,16.67,1.1445,1.667,333,314,19,553,5,1667,239.37,237.71,1.9032,1.2488,7.5366,13.171,0.073171,0,195.9,1.67,3.33,1.67,0,30,20.021,0
69.5,176,20,10,0.98,0,0,0,12,2.24,20,184,321,66,4.79,0.072,0.011,16.6,0,0.042,0.156,5.072,0.595,0.369,6,0,6,6,2.21,0,0,0,0.32,0.8,0,0,0,0,0,4.058,4.353,0.344,65,182.68,201.4,0
65.02,151,6.16,8.66,1.72,14.86,0.97692,4.3831,103,1.05,23,116,394,325,0.72,0.216,0.169,3.2,9.6,0.09,0.08,1.33,0.43,0.25,10,0,10,10,0.11,210,63,63,0.33462,2.1115,0,8.3462,0.11538,10.577,3.9615,3.389,3.249,1.589,10,299,76.179,0
7.5,320,4.9,0.62,4.09,82.89,2.3686,13.673,61,6.31,63,157,1850,13,1,0.576,0.369,0.38571,9.5,0.043,0.148,3.58,1.067,0.52,4,0,4,4,0,12669,633,0,0.22943,1.8943,11.571,41.4,10.829,0,45.429,0.043,0.268,0.121,0,119,71.226,0
51.1,243,12.12,11.35,2.32,23.1,2.1,3.74,167,2.11,24,207,195,578,1.55,0.142,0.265,27.1,0,0.286,0.263,3.567,0.573,0.11404,27.385,9.7692,20.423,27.231,0.61,211,48,46,0.9,5.7,0,35,0,11,3.9615,4.561,4.063,1.72,31,115.23,1043,0
53.85,322,16.34,27.93,0.77,0,0,0,9,1.72,16,154,267,54,3.66,0.058,0.012,16.3,0,0.08,0.13,2.78,0.31,0.31,5,0,5,5,2.79,0,0,0,0.1782,0.5764,0,0.78652,0,0,0,11.51,12.02,1.01,71,28.35,453.6,17
43.2,298,2.1,16.6,0.8,37.2,1.3,36.27,29,0.8,20,85,65,255,0.47,0.068,0.438,5.3,0,0.05,0.08,0.2,0.24,0.068,7,2,5,8,0.12,90,27,27,0.15,5.3,0,0,0,0,0,6.976,7.26,1.544,0,28.35,64,0
49.9,330,23.1,25.63,1,0,0,0,11,2.41,20,180,310,65,5.57,0.085,0.014,21.7,0,0.07,0.18,3.51,0.32,0.24,7,0,7,7,2.58,0,0,0,0.1782,0.5764,0,0.78652,0,0,0,10.32,11.01,0.91,84,289,85,17
42.9,323,10.64,21.5,2.1,22.86,0.5,1.82,86,2.2,14,272,178,634,1.2,0.058,0.175,19,0,0.28,0.25,2,0.85,0.11,36,14,22,46,0.76,353,89,86,1.58,8.6,0,39,3,0,103,8.32,9.11,2.47,168,180,76.179,0
82.26,72,1.6,1.1,1.03,14.01,0.8,0.41,11,5.53,8,27,33,358,0.15,0.026,0.052,3.1,0,0.113,0.126,1.5,0.076,0.031,30,27,3,49,0.04,3,1,1,0.08,0.2,0,0,0,0,1,0.308,0.284,0.142,0,28.35,142,0
59.5,229,27.4,12.41,0.7,0,0,0,24,1.46,25,197,266,996,2.1,0.056,0.36887,26,0,0.05,0.13,5.73,0.28582,0.42,6,0,6,6,0.34,0,0,0,0.17,2.4,0,0,0,0,0,3.383,4.651,2.934,81,128.95,19,0
49.58,331,25.85,24.5,0.92,0,0,0,7,2.46,20,207,251,64,5.77,0.104,0.015,22.8,0,0.06,0.2,3.27,0.31,0.26,7,0,7,7,2.4,0,0,0,0.1782,0.5764,0,0.78652,0,0,0,9.44,10.89,0.85,93,329,85,1
8.2,479,4.13,26.93,1.23,59.51,5,48.34,64,1.27,39.914,112,254,142,0.65971,0.32951,0.17126,3.1114,0.7,0.028114,0.084029,0.39677,0.14397,0.0638,15.686,0.6,7.3143,8.2,0.22571,42,23.943,23.571,0.71429,1.1943,0,3.4571,0.37143,0,2.7714,17.59,5.26,1.18,4,49,19,0
6.04,389,7.67,7.47,2.94,75.85,5.6,39,220,7.92,78,263,218,502,1.75,0.18,2.43,20,0,0.66,0.74,8.8,0.4,0.88,176,153,23,283,0,2200,661,660,0.37,1.9,0,0,0,0,0,3.501,1.52,1.21,0,50,20.021,0
62.19,194,26.89,8.81,1.44,0,0,0,6,3.24,25,211,367,69,5.06,0.143,0.016,20,0,0.11,0.25,4.63,0.34,0.4,8,0,8,8,2.27,0,0,0,0.14,0.5764,0,0,0,0,0,3.28,3.76,0.37,58,85,85,32
53.27,363,15.22,33.04,0.43,0,0,0.20186,12,1.13,13,99,117,56,0.96,0.046,0.018,112.1,0,0.034,0.094,3.756,0.391,0.05,2,0,2,2,0.11,198,59,59,0.094419,0.52093,0.25581,1.8372,0.25581,1.4186,0,9.28,13.83,6.96,63,44,72,0
44.16,260,11.53,9.25,2.32,32.74,1.9,5.32,166,1.97,24,203,138,578,1.24,0.125,0.338,27.6,0,0.453,1.225,3.064,0.18,0.122,77,45,32,109,0.68,293,60,54,1.14,7.5,0,67,0,264,3.9615,3.871,2.476,1.97,19,117.27,937.66,0
63.5,132,4.39,0.1,2.38,29.63,5.5,1.2383,46,5.94,37,82,650,16,0.51,0.882,0.98,0.5,15.3,0.071,0.075,2.22,0.594,0.492,17,0,17,17,0,0,0,0,0.32831,51.684,31.422,743.61,2.5783,139.89,1082.1,0.026,0.002,0.043,0,58,102.86,0
6,344,10.1,1.6,1.3,81,10,20.1,32,28,118,294,345,8,3.2,0.32,1.3242,4.1,0,0.74,0.83,9.8,1.1445,0.98,196,177,19,320,2.94,0,0,0,0,1.5,0,0,0,0,0,0.36,0.24,1,0,55,20.021,0
61.04,218,28.09,10.88,1.02,0,0,0.20186,26,1.78,25,203,282,64,2.9,0.086,0.022,31.4,0,0.053,0.17,5.307,0.831,0.4,7,0,7,7,0.34,0,108.47,108.26,0.094419,0.52093,0.25581,1.8372,0.25581,1.4186,0,3.18,3.54,2.78,78,243,1524,20
24.6,388,5.5,19.9,1.2,48.8,0.5,15.721,35,1.38,11,137,119,398,0.46,0.035,0.09,8.8,0,0.137,0.229,1.311,0.445,0.042,41,30,11,62,0.25,606,149,142,0.27537,2.5707,0.073171,7.5854,0.12195,0.073171,13.902,11.559,5.9,1.067,221,30,28.35,0
56.35,295,16.52,24.85,0.77,0,0,0,8,1.74,16,155,266,56,3.84,0.06,0.012,15.9,0,0.08,0.14,2.64,0.33,0.29,5,0,5,5,2.75,0,0,0,0.1782,0.5764,0,0.78652,0,0,0,10.28,10.65,0.91,70,28.35,453.6,17
60.78,243,19,17.92,0.77,0,0,0,6,1.58,18,163,295,53,3.14,0.069,0.012,16.8,0,0.09,0.14,3.88,0.32,0.39,6,0,6,6,2.75,0,0,0,0.1782,0.5764,0,0.78652,0,0,0,7.29,7.78,0.64,67,453.6,238,9
84.58,65,2.46,2.42,1.55,8.99,1.1,6.23,64,0.73,9,60,181,300,0.12,0.106,0.102,0.9,27.3,0.054,0.1,0.613,0.22,0.066,7,0,7,7,0.18,193,26,20,0.5,1,0,75,0,5084,1,1.17,0.65,0.45,7,248,602,0
42.3,223,8.7,2,2.3,44.8,4.6,1.56,178,2.87,37,107,186,382,1.07,0.148,1.001,29.2,0,0.431,0.292,3.356,0.444,0.087,64,25,39,82,0,3,0,0,0.45,0.8,0,2,0,0,92,0.287,0.28,0.834,0,28.35,57,0
84.01,60,0.11,0.01,0.1,15.76,0.6,15.16,5,0.26,3,3,13,4,0.07,0.067,0.03,0,1.1,0.002,0.013,0.128,0.022,0.014,1,0,1,1,0,1,0,0,0.05,1.8,0,1,0,0,20,0.001,0.003,0.003,0,250,31.2,0
74.21,132,2.9,7.58,2.38,12.93,0,0.16,74,0.29,6,82,26,760,0.54,0.013,0.007,2.2023,0.9,0.004,0.065,0.067,0.141,0.013,3,6.6818,6.7045,18.114,0.09,63,26.227,7.7045,0.21432,0.93636,14.045,90.727,0.45455,1051.9,14.818,2.54,1.0558,0.64377,10,248,3005,0
82.1,99,3.1,6.3,1,7.5,0.9,3.7045,45.477,1.9136,10.182,54.091,144.57,299,0.55386,0.10955,0.19543,2.2023,5.5,0.10925,0.090886,1.1601,0.19043,0.082182,14.864,6.6818,6.7045,18.114,0.77568,1150,58,7.7045,0.21432,0.93636,14.045,690,0.45455,1051.9,14.818,1.75,1.27,1.9,11,539,240,0
62.87,209,25.94,10.88,0.95,0,0,0,12,1.31,24,183,238,88,2.57,0.081,0.021,29,0,0.074,0.231,6.525,1.184,0.35,8,0,8,8,0.31,65,20,20,0.27,3.9,0,0,0,0,0,3.03,4.15,2.48,95,140,31,35
95.32,16,0.88,0.32,1.09,2.4,0.3,3.7045,2,0.13,4,16,32,415,0.04,0.02,0.04,1.8,0.2,0.049,0.024,0.275,0.001,0.014,6,5,1,10,0,3,0,0,0.21432,0.93636,14.045,90.727,0.45455,1051.9,14.818,0.1,0.14,0.07,1,251,31.4,0
60.73,213,27.73,10.5,0.99,0,0,0.20186,30,2.29,24,198,282,73,4.22,0.143,0.024,38.6,0,0.056,0.227,3.689,1.166,0.32,9,0,9,9,0.35,0,0,0,0.094419,0.52093,0.25581,1.8372,0.25581,1.4186,0,3.28,3.04,2.91,82,71,448,17
55.09,258,28.14,15.28,1.49,0,0,0.20186,12,1.64,22,187,204,95,3.12,0.144,0.023,21.8,0,0.128,0.347,4.556,1.01,0.24,8,0,8,8,0.25,145,44,44,0.094419,0.52093,0.25581,1.8372,0.25581,1.4186,0,4.07,5.24,3.65,95,140,73,51
63.27,187,29.51,6.72,1.2,0,0,0,17,2.01,25,231,369,61,5.58,0.094,0.011,34.1,0,0.07,0.135,7.77,0.517,0.548,9,0,9,9,1.64,0,0,0,0.39,1.4,0,0,0,0,0,2.56,2.684,0.24,63,28.35,453.6,17
94.5,18,0.88,0.2,0.5,3.92,1.2,2.63,10,0.27,11,24,237,5,0.17,0.059,0.114,0,12.7,0.037,0.019,0.594,0.089,0.08,15,0,15,15,0,833,42,0,0.54,7.9,101,449,0,2573,123,0.028,0.031,0.083,0,149,180,9
74.61,105,2.73,1.3,0.64,20.72,1,12.83,86,0.45,14,84,167,58,0.36,0.051,0.203,10.969,13.9,0.046,0.115,0.237,0.418,0.11404,13,9.7692,13,27.231,0.19,59,22.731,21.308,0.33462,2.1115,0,8.3462,0.11538,10.577,3.9615,0.041,0.106,0.095,5,149,76.179,0
6.4,435,6.5,16.2,2.4,68.4,2.2415,15.721,100,2.65,42,161,239,538,0.86,0.181,0.987,15.6,0.5,0.249,0.166,1.259,0.329,0.071,30,19,11,43,0.08,677,143,131,0.27537,2.5707,0.073171,144,0.12195,0.073171,13.902,3.232,6.888,5.034,33,28.35,15,0
10.6,404,3.6,12.7,1,72.2,1.8,70.65,7,0.75,21,43,156,247,0.71,0.143,0.947,10.5,0,0.011,0.11,0.13,0.27,0.099,4,0,4,4,0.03,0,0,0,0.15,0.1,0,0,0,0,0,11.236,0.549,0.141,0,28.35,24,0
32.3,272,10.9,4.1,2.3,50.4,6.6,10.93,99,3.77,58,191,222,530,1.38,0.276,1.615,32.1,0.3,0.354,0.334,4.27,0.361,0.325,118,81,37,175,0.08,0,0,0,0.34,2.2,0,0,0,0,75,0.878,1.657,1.003,0,28.35,29,0
46.05,358,23.53,28.5,0.84,0,0,0,8,2.34,18,187,233,68,5.83,0.097,0.014,21.9,0,0.06,0.19,3.04,0.29,0.24,7,0,7,7,2.33,0,0,0,0.1782,0.5764,0,0.78652,0,0,0,11.24,12.7,0.96,92,314,85,1
82.95,68,3.48,2.05,2.35,9.17,0.8,1.5,28,0.75,6,46,255,744,0.6,0.1,0.3,2.8,0.9,0.044,0.036,0.77,0.28,0.08,29,16,13,40,0,1708,85,0,0.46,7.8,210,920,0,1480,150,0.44,0.56,0.91,1,246,298,0
3,402,8,13.9,3.3,71.4,12.7,32,60,3.7,123,325,450,309,3.1,0.33,3.013,22,32,0.8,0.9,10.3,0.747,1.02,205,186,19,335,3.1,1530,459,459,0.99,4.3,0,0,0,0,0,6.1,4.7,3,0,55,20.021,0
44.82,385,23.5,31.56,0.85,0,0,0,8,2.24,18,187,231,61,5.1,0.095,0.014,22.3,0,0.06,0.18,3,0.29,0.24,6,0,6,6,2.28,0,0,0,0.24,2.1,0,0,0,0,0,12.38,13.9,1.13,94,330,85,0
88.4,49,2,1.6,1.3,6.8,0.6,0.39,11,0.2,5,46,169,338,0.24,0.063,0.153,3.9,27,0.04,0.04,1.732,0.136,0.054,28,23,5,44,0.09,960,49,1,0.1,1.2,215,467,0,27,21,0.5,0.649,0.3,6,255.56,245.35,0
66.61,147,2.24,4.66,1.68,24.81,1.9,0.2,9,0.62,21,83,408,332,0.35,0.093,0.158,1.2663,17.3,0.098,0.048,2.038,0.473,0.178,35,0,35,35,0,4,0,0,0.1,2.2,0,2,0,0,13,1.005,3.164,0.303,0,88.63,255,0
62.5,251,17.48,19.52,1.02,0.19,0,0.20186,10,1.51,20,173,204,71,1.37,0.092,0.031,12.5,3.1,0.111,0.251,6.383,1.129,0.35,37,0,37,37,1.26,1102,331,331,0.094419,0.52093,0.25581,1.8372,0.25581,1.4186,0,5.48,7.82,4.27,87,905,468.29,32
6.3,375,0,0.05,0.1,93.55,0.2,70,3,0.13,2,4,37,50,0.05,0.028,0.035,1.1,0,0.004,0.011,0.008,0.009,0.004,0,0,0,0,0,0,0,0,0,0,0,0,0,0,0,0,0,0,0,11,28.35,0
58.41,232,26.84,13.06,1.35,0,0,0,12,2.91,25,222,398,71,6.21,0.089,0.016,22.8,0,0.07,0.19,3.74,0.27,0.28,8,0,8,8,3.33,0,0,0,0.1782,0.5764,0,0.78652,0,0,0,5.21,5.63,0.44,79,196,85,44
74.91,89,1.09,0.33,0.82,22.84,2.6,12.23,5,0.26,27,22,358,1,0.15,0.078,0.27,1,8.7,0.031,0.073,0.665,0.334,0.367,20,0,20,20,0,64,3,0,0.1,0.5,25,26,0,0,22,0.112,0.032,0.073,0,225,150,36
62.98,177,32.22,4.33,1.13,0,0,0,34,1.26,25,228,309,94,6.81,0.113,0.015,13.7,1.0588,0.05,0.3,9.66,1.25,0.27,17,0,17,17,1.64,0,0,0,0.15059,1.4088,0,0,0,0,0,1.14,1.546,0.458,126,223,85,30
10.5,376,4.7,5.5,1,78.3,1.2,36.2,14,3.6,10,45,61,419,0.3,0.1,0.47641,9.122,0,0.3,0.3,4,0,0.4,100,28.22,12.317,60.317,0,1000,37.341,36.268,0.27537,2.5707,0.073171,7.5854,0.12195,0.073171,13.902,1.2,2.9,1.3,0,50,72.074,0
72.8,142,17.5,7.5,1.17,0,0,0.20186,13,4.51,25,307,237,51,2.7,0.594,0.019,13.5,7.2,0.283,0.285,6.86,0.787,0.53,7,0,7,7,0.47,94,28,28,0.094419,0.52093,0.25581,1.8372,0.25581,1.4186,0,1.96,2.66,1.6,90,251,168,35
84.3,61,1.74,1.76,2.46,9.74,1.2,2.7,19,1.3,8,33,150,457,0.74,0.1,0.3,7.5,3.2,0.024,0.032,0.65,0.15,0.08,8,0,8,8,3.23,762,41,3,1.03,5.5,87,399,15,6426,27,0.305,0.305,1.027,2,251,305,0
2.2,393,7.14,3.57,3.84,83.25,4.3,42.86,357,16.07,57,214,196,714,13.39,0.162,1.409,15.6,21.4,1.34,1.52,17.86,0.532,1.786,714,695,19,1201,5.36,1786,536,525,0.44,2,11,17,0,0,297,0.528,1.232,1.296,0,28,20.021,0
63.32,204,24.94,10.77,1.33,0,0,0,19,2.13,25,200,265,68,6.04,0.113,0.026,28.5,0,0.09,0.26,5.76,0.73,0.15,25,0,25,25,2.7,0,0,0,0.18,4.5,0,0,0,0,0,4.08,4.36,0.95,87,217,85,37
56.39,224,34.72,8.37,1.03,0,0,0,15,3.04,23,213,275,56,8.2,0.129,0.012,34.7,0,0.07,0.231,5.243,0.682,0.344,12,0,12,12,2.69,0,0,0,0.46,1.7,0,0,0,0,0,3.17,3.561,0.289,81,28.35,453.6,42
2.67,433,6.67,11.67,3.13,75.86,4,40,333,15,27,200,217,667,12.5,0.116,0.3,6.5,20,1.25,1.42,16.67,0.334,1.667,333,314,19,553,5,1667,482,479,2.61,6.3,21,33,0,0,458,1.67,5,3.33,0,30,20.021,0
16.4,318,1.8,0.2,0.3,81.3,0.1,57.56,3,0.23,2,8,5,80,0.04,0.097,0.008,1.7,0,0.001,0.001,0.078,0.005,0.003,1,0,1,1,0,0,0,0,0,0,0,0,0,0,0,0.056,0.08,0.047,0,50,7,0
7.5,325,4.89,1.03,3.39,83.18,2.3686,13.673,38,5.51,57,162,1351,10,0.78,0.493,0.413,0.38571,10.6,0.039,0.11,4.825,0.522,0.159,7,0,7,7,0,1417,71,0,0.22943,1.8943,11.571,41.4,10.829,0,45.429,0.111,0.377,0.498,0,116,71.226,0
66.68,204,20.07,13.14,1.17,0,0,0,8,2.12,19,187,346,64,4.64,0.068,0,14.8,0,0.099,0.163,3.591,0.011,0.411,6,0,6,6,3.57,0,0,0,0.08,0.5764,0,0,0,0,0,5.197,6.31,0.532,60,453.6,28.35,3
53.07,260,33.58,12.88,1.62,0,0,0,5,3.09,24,211,312,45,4.24,0.116,0.017,32.2,0,0.07,0.24,3.58,0.35,0.27,9,0,9,9,2.59,0,0,0,0.1782,0.5764,0,0.78652,0,0,0,4.86,5.32,0.53,90,289,85,2
1.9,496,6.3,26.5,1.6,63.4,3.3,55,171,0.75,49,193,343,145,1.12,0.312,0.319,4.6,0.3,0.058,0.291,0.463,0.602,0.058,15,3,12,17,0.62,217,62,61,2,5.7,0,0,0,0,0,15.89,8.64,0.78,19,40,45,0
88.15,38,2.17,0.27,0.93,8.48,2,1.2383,23,0.75,14,46,100,260,0.58,0.103,0.357,0.9,6.6,0.074,0.053,0.581,0.12,0.088,18,0,18,18,0,5770,289,0,0.32831,51.684,31.422,743.61,2.5783,139.89,1082.1,0.049,0.023,0.129,0,255,102.86,0
87.9,48,1.42,0.07,0.14,10.47,0.3,0.04,4,0.5,2,12,13,329,0.08,0.016,0.093,9.1,0,0.061,0.043,0.489,0.056,0.007,34,32,2,57,0,0,0,0,0.01,0,0,0,0,0,2,0.01,0.01,0.03,0,233,175,0
88.94,55,2.51,3.24,1.34,3.99,0,3.7045,68,0.43,8,66,96,425,4.22,0.655,0.151,2.2023,1.8,0.027,0.095,0.137,0.2,0.026,4,0,4,4,1.07,92,23,22,0.21432,0.93636,14.045,90.727,0.45455,1051.9,14.818,2.06,0.85,0.13,13,245,595,0
91.12,28,2.08,0.3,0.75,5.75,2.8,2.87,96,0.67,51,46,234,3,0.62,0.097,1.021,0.6,12.2,0.099,0.123,0.785,0.24,0.047,146,0,146,146,0,339,17,0,0.32,47.8,0,203,0,0,466,0.079,0.05,0.081,0,255,92,0
94.19,21,2.08,0.16,0.7,2.87,1.8,1.07,91,1.33,12,17,62,15,0.13,0.041,0.177,0.9,9.4,0.03,0.07,0.295,0.096,0.058,22,0,22,22,0,8612,431,0,0.23,415.1,0,5167,0,0,9532,0.027,0.01,0.074,0,163,86,0
90.4,29,3.35,0.42,0.85,4.98,3.4,0.75,152,1.94,26,34,224,251,0.41,0.15,0.475,1.2,21.8,0.054,0.074,0.468,0.069,0.067,39,0,39,39,0,10765,538,0,2.66,518.9,0,6459,0,0,11915,0.099,0.028,0.17,0,220,82,0
40.6,272,4.05,8.06,1.21,46.08,0.9,20.58,57,1.28,13,177,125,283,0.29,0.066,0.171,10.969,0,0.202,0.18,1.464,0.48,0.052,65,9.7692,65,27.231,0.01,241,22.731,21.308,0.33462,2.1115,0,8.3462,0.11538,10.577,3.9615,0.818,0.863,2.087,9,220.54,76.179,0
94.1,19,0.85,0.09,0.94,4.02,1.2,2.2,45,0.13,6,28,111,371,0.29,0.055,0.102,0.3,4.3,0.032,0.006,0.061,0.097,0.137,10,0,10,10,0,1,0,0,0.07,0.2,0,1,0,0,2,0.016,0.013,0.036,0,63,112,0
60.16,196,31.9,6.58,1.23,0,0,0,24,1.16,28,250,338,89,5.1,0.12,0.038,13,0,0.06,0.34,8.42,1.33,0.33,16,0,16,16,1.65,0,0,0,0.42,6.6,0,0,0,0,0,1.84,2.35,0.59,118,192,85,34
8.8,344,12.8,1.5,5.9,71,2.2415,15.721,449,7.84,104,782,445,1419,1.96,0.56,2.236,38,0,0.569,1.083,6.767,0.75,0.227,82,28,54,102,0,31,2,0,0.27537,2.5707,0.073171,7.5854,0.12195,0.073171,13.902,0.244,0.279,0.605,0,140,28.35,0
44.59,286,14.57,14.81,2.32,23.71,2.8,4.49,93,2.5,24,143,178,602,2.4,0.11,0.29,24.4,0.2,0.303,0.24,3.4,0.23,0.09,27.385,9.7692,20.423,27.231,0.41115,197.88,22.731,21.308,0.1,5.7,0,8.3462,0.11538,10.577,3.9615,6.842,5.704,1.521,45,133,76.179,0
63.76,222,20.73,14.75,1.34,0,0,0,5,2.67,19,174,261,54,3.44,0.079,0.013,10.5,0,0.1,0.173,3.642,0.312,0.385,6,0,6,6,2.78,0,0,0,0.11,0.5764,0,0,0,0,0,5.83,6.274,0.601,57,28.35,453.6,21
75.17,110,10.25,4.73,1.27,8.58,4.8,1.34,60,2.11,61,161,482,6,1.32,0.324,1.01,1.2663,9.7,0.15,0.265,0.925,0.535,0.135,303,0,303,303,0.0046988,1776.7,89.265,0.49398,0.72,31.4,31.422,743.61,2.5783,139.89,1082.1,0.16277,0.24882,0.23428,1.0723,118.33,432.25,0
83.97,50,3.48,0.16,1.21,11.18,5.4,0.99,45,1.29,60,86,354,95,0.49,0.233,0.259,0.2,10,0.065,0.066,1.001,0.342,0.111,51,0,51,51,0,177,9,0,0.19,14.8,0,106,0,0,464,0.037,0.005,0.068,0,120,84,60
64.46,187,27.42,7.72,1.09,0,0,0,7,2.24,18,171,223,36,4.61,0.065,0.01,28.1,0,0.063,0.146,4.793,0.541,0.36,9,0,9,9,1.53,0,0,0,0.38,1.3,0,0,0,0,0,2.773,3.266,0.291,86,489.38,201.4,1
4,276,8.11,2.32,20.86,64.71,10.2,19.92,196,3.24,10.182,54.091,144.57,6028,0.55386,0.10955,0.19543,2.2023,83.6,0.163,0.189,1.332,0.19043,0.082182,0,0,0,0,0.77568,202,26.227,7.7045,0.21432,0.93636,14.045,90.727,0.45455,1051.9,14.818,0.395,1.0558,0.64377,0,10,245.35,0
81,72,5.6,0.6,1.1,11.7,4.2,1.2383,22,1.9,38,95,250,50,0.58,0.074,0.32,1.2,33,0.17,0.11,1.5,0.086,0.038,96,0,96,96,0,350,18,0,0.32831,51.684,31.422,743.61,2.5783,139.89,1082.1,0.138,0.017,0.31,0,109,8,3
66.02,223,18.04,16.15,1.06,0,0,0,10,1.49,15,170,131,45,3.37,0.095,0.02,3.5,0,0.13,0.36,6.3,0.51,0.11,1,0,1,1,2.53,0,0,0,0.15059,1.4088,0,0,0,0,0,8.18,6.19,0.7,71,28.35,453.6,45
8.3,319,8.5,2.5,4.4,76.3,11.9,32,48,7.6,136,424,610,593,2.54,0.34,3.089,7,0.7,0.64,0.72,8.5,0.66,0.85,170,151,19,276,2.54,847,254,254,0.74,1.6,0,0,0,0,0,0.55,0.5,1.5,0,61,20.021,0
95.04,17,0.67,0.24,0.62,3.43,1.6,1.83,17,0.15,9,24,285,13,0.13,0.101,0.033,0.7,15.1,0,0.023,0.15,0.114,0.038,17,0,17,17,0,0,0,0,0,0.3,0,0,0,0,0,0.073,0.04,0.108,0,147,102.86,0
86.29,47,2.09,0.96,2,8.66,2.2,5.89,20,1.68,10.182,54.091,144.57,484,0.55386,0.10955,0.19543,2.2023,10.2,0.10925,0.090886,1.1601,0.19043,0.082182,14.864,6.6818,6.7045,18.114,0.77568,401,26.227,7.7045,0.21432,0.93636,14.045,90.727,0.45455,1051.9,14.818,0.32,0.31,0.29,1,126,245.35,0
58,196,36.12,4.6,1.75,0,0,0,4,3.32,26,226,334,45,4.56,0.124,0.018,33,0,0.07,0.25,3.81,0.37,0.28,9,0,9,9,2.7,0,0,0,0.1782,0.5764,0,0.78652,0,0,0,1.58,1.79,0.21,90,262,85,11
91.7,28,1.53,0.35,1.79,4.63,0.5,3.33,11,0.08,10.182,54.091,144.57,436,0.55386,0.10955,0.19543,2.2023,5.1,0.10925,0.090886,1.1601,0.19043,0.082182,14.864,6.6818,6.7045,18.114,0.77568,523,26.227,7.7045,0.21432,0.93636,14.045,90.727,0.45455,1051.9,14.818,1.2142,1.0558,0.64377,0,30.46,245.35,0
3.4,350,11,1.95,1.9,81.8,11.3,8.6,30,3,99,285,319,303,2.5,0.16429,1.3242,10.878,15.207,0.9052,0.93641,10.955,1.1445,1.1836,311.71,284.37,23.561,507.07,2.6827,915,239.37,237.71,1.9032,1.2488,7.5366,13.171,0.073171,0,195.9,0.4,0.4,1.2,0,50,20.021,0
64.39,171,25.95,6.69,1.13,0,0,0,7,3.2,22,223,386,74,6.39,0.1,0.013989,30,0,0.087,0.244,3.415,0.42943,0.269,9,0,9,9,2.97,0,0,0,0.17,0.5764,0,0,0,0,0,1.96,3.51,0.25,64,85,201.4,11
61.08,251,18.42,19.06,0.88,0,0,0,6,1.7,19,177,282,69,3.71,0.071,0.013,16,0,0.09,0.15,3.48,0.31,0.38,6,0,6,6,2.25,0,0,0,0.1782,0.5764,0,0.78652,0,0,0,7.53,8.52,0.66,68,28.35,453.6,1
76.71,81,2.64,0.93,0.92,18.8,1.9,3.04,5,0.72,15,48,135,298,0.37,0.053,0.141,0.7,0.7,0.017,0.05,0.375,0.355,0.065,43,0,43,43,0,45,2,0,0.07,0,0,22,11,0,176,0.169,0.233,0.454,0,164,211,0
53.93,273,27.33,17.37,1.13,0,0,0,9,2.73,23,211,323,62,6.06,0.106,0.016,20.7,0,0.08,0.22,3.68,0.36,0.33,7,0,7,7,2.51,0,0,0,0.18,1.7,0,0,0,0,0,6.85,7.41,0.63,87,279,85,13
92.24,28,0.77,0.1,0.3,6.59,1.8,2.9,16,0.3,6,19,108,12,0.07,0.019,0.071,0.4,2.6,0.023,0.025,0.139,0.099,0.069,13,0,13,13,0,2,0,0,0.01,0.3,0,1,0,0,3,0.016,0.013,0.038,0,15,105,0
95.3,14,0.73,0.08,0.7,3.2,2.3265,1.2383,14,0.41,8,26,344,2,0.54,0.094,0.13,1,18.9,0.038,0.053,0.81,0.076,0.112,3,0,3,3,0,51,3,0,0.32831,51.684,31.422,743.61,2.5783,139.89,1082.1,0.016,0.006,0.033,0,140,102.86,0
76.64,105,20.04,2.16,1.12,0,0,0,22,1.02,26,215,339,86,3.34,0.124,0.029,8.6,0,0.08,0.28,7.91,1.3,0.46,16,0,16,16,1.42,0,0,0,0.27,1.4088,0,0,0,0,0,0.65,0.69,0.22,83,28.35,289,25
61.49,202,27.01,9.6,1.39,0,0,0,5,3.66,26,215,327,75,5.11,0.143,0.016,10,0,0.11,0.25,4.63,0.33,0.39,8,0,8,8,2.27,0,0,0,0.14,0.5764,0,0,0,0,0,3.488,4.542,0.314,57,85,453.6,38
90,46,1.6,2,1.1,5.3,0,5.3,82,0.1,1,100,150,55,0.1,0.02,0.17126,1.8,0,0,0,0.1,0.14397,0,0,0,0,0,0,203,61,61,0,0,0,0,0,0,0,0.254,0.484,1.174,0,244,30.5,0
45.7,303,21.91,18.11,2.27,12.01,0.97692,4.3831,37,0.91,23,188,347,598,0.95,0.062,0.095,21.7,0,0.09,0.18,7.35,1.59,0.35,18,13,5,27,0.41,118,35,35,0.33462,2.1115,0,8.3462,0.11538,10.577,3.9615,4.812,7.502,4.163,91,163,76.179,21
53.68,342,15.32,30.71,0.78,0,0,0,14,1.43,19,143,201,58,2.87,0.092,0.017,17.7,0,0.1,0.19,6.06,0.62,0.12,15,0,15,15,2.14,0,0,0,0.15059,1.4088,0,0,0,0,0,13.43,12.6,2.42,74,28.35,453.6,29
93.9,17,0.76,0.05,1.05,4.24,0.4,3.56,10,0.43,11,18,229,10,0.15,0.061,0.07,0.3,18.3,0.047,0.031,0.673,0.25,0.111,20,0,20,20,0,450,23,0,0.32,2.3,0,270,0,9037,60,0.008,0.009,0.024,0,243,30.4,0
92.49,20,1.64,0.09,1.47,4.31,2.3,2.01,69,3.74,18,43,569,53,0.2,0.133,0.355,0.3,23.9,0.021,0.16,0.72,0.042,0.118,50,0,50,50,0,2572,129,0,2.5,142.7,0,1543,0,0,3467,0.022,0.002,0.039,0,100,102.86,0
58.65,232,28.25,12.36,1.3,0,0,0,7,3.58,30,238,419,63,5.59,0.179,0.017,24.4,0,0.13,0.3,3.92,0.38,0.44,7,0,7,7,2.57,0,0,0,0.1782,0.5764,0,0.78652,0,0,0,4.83,4.81,0.49,84,85,98,21
65.13,201,26.14,9.97,0.78,0,0,0.20186,13,0.98,20,146,167,63,1.14,0.044,0.018,21.2,0,0.041,0.112,6.935,0.535,0.27,3,0,3,3,0.2,96,29,29,0.094419,0.52093,0.25581,1.8372,0.25581,1.4186,0,2.8,3.92,2.12,74,90,150,29
68.59,178,21.16,9.69,1,0,0,0,6,2.08,23,201,363,60,4.06,0.077,0.014,18.7,0,0.1,0.17,3.86,0.36,0.44,7,0,7,7,3.15,0,0,0,0.1782,0.5764,0,0.78652,0,0,0,3.87,4.17,0.39,59,28.35,453.6,22
10.4,351,1.6,0.1,1.86,86.04,0.9,2.9,49,0.05,17,12,18,1765,0.19,0.04,0.17126,0.9,0,0,0,0,0.14397,0,0,0,0,0,0,0,0,0,0.05,1.1,0,0,0,0,0,0.018,0.032,0.05,0,50.825,32.01,0
64.44,152,3.54,5.74,0.94,25.4,0.9,5.43,121,0.48,15,106,196,75,0.4,0.018,0.009,2.9,0.7,0.044,0.18,0.111,0.414,0.042,5,0,5,5,0.38,264,75,74,0.3,3.6,0,10,0,0,0,3.61,0.93,0.527,16,71.5,32.01,0
12.5,394,4.7,10.5,1.2,71,1.1,33,24,3.5,11,55,93,355,0.3,0,0.47641,9.122,0,0.3,0.3,3.8,0,0.4,100,28.22,12.317,60.317,0,962,37.341,36.268,0.27537,2.5707,0.073171,7.5854,0.12195,0.073171,13.902,2.9,6.2,1.5,0,52,72.074,0
86.1,57,5.1,0.68,0.8,7.1,1.5,3.7045,45.477,0.65,10.182,54.091,144.57,219,0.55386,0.10955,0.19543,2.2023,5.5,0.10925,0.090886,1.1601,0.19043,0.082182,14.864,6.6818,6.7045,18.114,0.77568,834,26.227,7.7045,0.21432,0.93636,14.045,500,0.45455,1051.9,14.818,0.29,0.3,0.09,8,453,241,0
76.46,116,16.92,4.83,1.06,0,0,0,8,8.99,19,297,230,71,2.67,0.492,0.255,54.6,17.9,0.305,1.778,9.728,6.233,0.853,588,0,588,588,16.58,11078,3296,3290,0.7,0,11,56,11,40,0,1.563,1.249,1.306,345,231.7,468.29,0
53.31,297,26.06,20.61,1.12,0,0,0,20,1.84,25,201,336,78,3.6,0.133,0.023,28.2,0,0.11,0.26,7.06,0.64,0.13,19,0,19,19,2.48,0,0,0,0.15059,1.4088,0,0,0,0,0,8.65,8.69,1.48,99,85,53,24
5.78,454,3.3,18,1.07,71.22,1,61.08,91,0.5,39.914,200.6,183.77,146,0.65971,0.32951,0.17126,3.1114,0.6,0.028114,0.084029,0.39677,0.14397,0.0638,15.686,0.6,7.3143,8.2,0.22571,137,23.943,23.571,0.71429,1.1943,0,3.4571,0.37143,0,2.7714,8.889,2.2347,0.84611,11,39,32.01,0
88.54,44,2.56,0.32,0.89,7.68,2.7,0.22,1,1.09,16,109,368,3,0.61,0.091,0.079,2.2,0,0.179,0.162,5.903,1.067,0.081,52,0,52,52,0,0,0,0,0.01,0,31.422,743.61,2.5783,139.89,1082.1,0.032,0.004,0.125,0,5,3,16
0.55,560,1.07,32.75,0.66,64.72,0,63.47,34,0.03,4,32,51,135,0.12,0.003,0.002,0.8,0.2,0.008,0.068,0.029,0.134,0.009,2,0,2,2,0.11,1152,319,314,0.94,2.8,0,64,0,0,0,20.565,8.964,1.222,104,12,32.01,0
91.33,34,1.77,1.04,1.19,4.66,0.4,3.7045,14,0.38,3,23,130,378,0.31,0.051,0.152,2.2023,0.5,0.022,0.018,0.391,0.14,0.041,15,8,7,21,0,970,49,0,0.21432,0.93636,14.045,90.727,0.45455,1051.9,14.818,0.23,0.29,0.46,1,241,586,0
58.69,248,23.45,16.44,1.05,0,0,0,32,2.5,20,199,322,87,5.95,0.071,0.011,19.6,0,0.043,0.176,5.282,0.618,0.344,10,0,10,10,2.52,0,0,0,0.44,2,0,0,0,0,0,6.36,7.56,0.459,83,85,77.24,0
82.44,92,3.77,5.8,1.52,6.47,0.4,3.7045,115,0.32,8,100,136,406,0.27,0.056,0.103,2.8,0.5,0.025,0.133,0.2,0.19,0.031,4,0,4,4,0.17,495,143,142,0.21432,0.93636,14.045,90.727,0.45455,1051.9,14.818,3.63,1.63,0.18,19,251,609,0
91,30,1.29,0.3,1.97,5.44,0.2,2.65,16,0.14,10.182,54.091,144.57,563,0.55386,0.10955,0.19543,2.2023,4.3,0.10925,0.090886,1.1601,0.19043,0.082182,14.864,6.6818,6.7045,18.114,0.77568,1190,26.227,7.7045,0.21432,0.93636,14.045,90.727,0.45455,1051.9,14.818,1.2142,1.0558,0.64377,0,30.46,245.35,0
88.71,34,2.32,0.3,1.35,7.32,1.9,5.42,24,0.6,61,60,477,249,0.26,0.033,0.229,0.9,1.5,0.112,0.267,1.003,0.2,0.16,49,0,49,49,0,916,46,0,0.96,108.6,0,550,0,0,2633,0.065,0.012,0.134,0,64,102.86,0
10.46,409,4.7,11.03,1.11,72.7,1,28.99,11,3.92,12,76,81,354,0.38,0.068,0.332,5.1,0,0.365,0.415,5.25,0.34,0.465,48,40,8,76,0.10049,1563,467,467,0.9,6.6,3,3,3,3,13.902,2.637,6.55,1.281,16.829,51.29,51.29,0
31.4,239,2.8,0.6,2.7,62.5,5.1,57.4,74,2.8,92,113,628,28,0.1,0.086,0.2756,1.3,3.5,0.428,0.152,1.938,0.143,0.066,14,0,14,14,0,30,2,0,0.1,2.8,0,18,0,0,0,0.272,0.181,0.059,0,120,2,66
66.1,144,1.1,2,0.4,30.4,3.3,24.32,54,0.14,8,40,96,46,0.48,0.028,0.011,1.3,5.8,0.031,0.089,0.076,0.22,0.027,7,0,7,7,0.12,45,10,9,0.03,0,0,3,13,0,17,1.16,0.53,0.08,0,74,66,0
5.24,409,11.72,14.66,10.82,57.56,3.8,7.6,115,9.57,30,203,306,4090,1.13,0.169,0.186,19.4,0.9,0.13,0.264,1.181,0.63,0.205,45,15,30,56,0.37,63,18,17,0.74,2,0,3,0,0,6,4.931,5.25,4.478,24,6.7,454,0
91.78,40,2.33,2.29,1.1,2.51,0.2,0.33,6,0.26,2,25,48,357,0.15,0.051,0.203,4.9,0,0.007,0.03,0.727,0.06,0.015,1,0,1,1,0.07,218,19,9,0.23,1.7,38,93,0,0,10,0.54,1.05,0.54,14,241,30.1,0
47.3,265,2.4,12.5,0.8,37.1,2.2415,15.721,7,1.12,7,28,79,211,0.19,0.053,0.185,7.8,1.7,0.148,0.107,1.23,0.093,0.032,24,20,4,38,0,58,11,9,0.27537,2.5707,0.073171,7.5854,0.12195,0.073171,13.902,3.05,5.393,3.338,0,28.35,155,0
72.16,111,0.45,0.77,0.5,26.12,0.97692,17.22,64,0.11,17.962,154.62,181.27,40,0.07,0.004,0.003,10.969,211.6,0.018,0.032,0.001,0.094,0.006,0,9.7692,0,27.231,0,40,12,12,0.06,2.1115,0,8.3462,0.11538,10.577,3.9615,0.418,0.182,0.033,3,89,76.179,0
89.15,48,2.13,0.81,0.76,8.11,0.5,3.7045,7,0.37,5,24,116,217,0.17,0.071,0.067,2.2023,2.1,0.022,0.036,0.353,0.102,0.035,12,0,12,12,2.53,100,26.227,7.7045,0.21432,0.93636,14.045,90.727,0.45455,1051.9,14.818,0.21,0.274,0.174,2,244,245.35,0
72.74,134,22.37,4.25,0.9,0,0,0.20186,13,1.42,22,173,243,58,1.97,0.139,0.021,24.8,0,0.041,0.151,4.039,0.865,0.43,9,0,9,9,0.42,4,1,1,0.094419,0.52093,0.25581,1.8372,0.25581,1.4186,0,1.21,1.52,1.06,81,310,1093,25
73.24,137,23.1,4.21,1.1,0,0,0,11,0.92,26,231,261,53,0.6,0.067,0.018,17.8,1.8,0.132,0.123,9.915,0.887,0.57,4,0,4,4,0.4,70,21,21,0.23,2.4,0,0,0,0,0,0.97,1.25,1.04,47,89,130,44
61.35,217,26.11,11.73,1.04,0,0,0,13,2.71,22,202,333,68,6.37,0.091,0.013,21.6,0,0.044,0.175,5.659,0.649,0.397,8,0,8,8,2.56,0,0,0,0.41,1.1,0,0,0,0,0,4.627,4.941,0.421,85,182.68,201.4,0
62.46,211,25.48,11.32,1.26,0,0,0,24,1.81,26,216,368,88,6.48,0.129,0.028,30.9,0,0.1,0.26,6.07,0.69,0.17,21,0,21,21,2.81,0,0,0,0.17,1.4088,0,0,0,0,0,4.04,4.96,0.74,91,207,85,40
94.5,14,0.39,0.04,1.46,3.61,2.3265,1.2383,103,0.1,14,12,655,7,0.16,0.103,0.274,0.9,31.5,0.02,0.02,0.2,0.032,0.096,10,0,10,10,0,50,3,0,0.32831,51.684,31.422,743.61,2.5783,139.89,1082.1,0.16277,0.24882,0.23428,0,94,5,12
62.48,134,2.66,5.22,1.9,27.74,2.8,0.28,12,0.74,26,97,451,388,0.38,0.135,0.21,0.2,13.3,0.128,0.031,2.218,0.522,0.184,28,0,28,28,0,5,0,0,0.11,2.5,0,3,0,0,16,1.029,3.237,0.321,0,50,198,0
5.7,331,0.8,0.9,11.4,77.9,1.3,0.9,147,0.08,39.914,2368,31,4154,0.65971,0.32951,0.17126,3.1114,0,0.028114,0.084029,0.39677,0.14397,0.0638,15.686,0.6,7.3143,8.2,0.22571,0,23.943,23.571,0.71429,1.1943,0,3.4571,0.37143,0,2.7714,0.1,2.2347,0.84611,0,8,32.01,0
95.2,15,1.09,0.08,0.45,3.19,0.9,2.4,37,0.88,25,34,106,242,0.1,0.1,0.36887,0.9,5,0.018,0.032,0.31,0.28582,0.05,41,0,41,41,0,1734,87,0,0.04,0,0,1040,0,0,0,0.041,0.01,0.004,0,134,102.86,0
94.15,21,1.16,0.44,1.07,3.17,0.2,0.31,5,0.34,9,14,30,396,0.11,0.012,0.1,1.2,0.5,0.012,0.014,0.183,0.1,0.021,3,0,3,3,0.1,94,5,0,0.08,0.5,19,47,0,141,6,0.22,0.18,0.02,0,253,1138.9,0
58.43,237,30.73,11.69,1.34,0,0,0,6,2.8,30,238,427,60,5.38,0.121,0.016,27.8,0,0.114,0.259,5.83,0.473,0.54,11,0,11,11,2.44,0,0,0,0.1782,0.5764,0,0.78652,0,0,0,4.32,4.78,0.52,85,331,85,2
10.28,421,5.48,14.08,2,68.17,2.9,34.5,35,2.45,25.902,141.29,219,394,0.59122,0.12807,0.47641,9.122,0,0.3,0.18,1.88,0.26676,0.11463,54,28.22,12.317,60.317,0.10049,15,37.341,36.268,0.27537,2.5707,0.073171,7.5854,0.12195,0.073171,13.902,3.2,5.66,1.33,10,25,72.074,0
64.31,196,24.42,10.16,1.28,0,0,0,14,1.89,16,191,146,48,3.43,0.077,0.024,1.7,0,0.11,0.33,6.13,0.45,0.11,0,0,0,0,2.28,0,0,0,0.15,3.5,0,0,0,0,0,4.43,3.99,0.59,94,152,85,57
61.6,218,26.41,11.64,1.05,0,0,0,6,2.16,17,164,214,35,4.43,0.063,0.009,27,0,0.061,0.141,4.616,0.521,0.347,8,0,8,8,1.47,0,0,0,0.41,1.5,0,0,0,0,0,4.418,4.964,0.449,75,631.53,338,2
70.06,159,21.3,7.57,0.99,0,0,0,24,1.69,23,208,346,62,3.98,0.092,0.013,25.6,0,0.087,0.113,6.252,0.603,0.633,11,0,11,11,1.27,0,0,0,0.32,1.3,0,0,0,0,0,2.98,3.271,0.289,38,28.35,453.6,3
89.25,35,2.38,0.41,0.77,7.18,3.3,1.39,40,0.67,21,67,293,41,0.45,0.061,0.194,1.6,64.9,0.063,0.123,0.553,0.616,0.2,108,0,108,108,0,1548,77,0,1.45,141.1,0,929,0,0,1080,0.079,0.04,0.17,0,280,180,0
26.6,332,4.8,8.9,1.6,58.1,3.0714,31.829,322,1.3109,39.914,200.6,183.77,74,0.65971,0.32951,0.17126,3.1114,1.6829,0.028114,0.084029,0.39677,0.14397,0.0638,15.686,0.6,7.3143,8.2,0.22571,125,23.943,23.571,0.71429,1.1943,0,3.4571,0.37143,0,2.7714,1.03,1.306,5.578,11.257,36,32.01,0
8.5,385,7.1,5.6,2.6,76.2,9.7,29.8,43,9.82,120,294,443,509,2.73,0.473,1.3242,10.878,0,0.68,0.77,9.09,1.1445,0.91,182,163,19,296,2.73,1364,239.37,237.71,1.9032,1.2488,7.5366,13.171,0.073171,0,195.9,0.8,1.2274,1.0471,0,55,20.021,0
65.52,155,3.97,7.45,1.2,21.42,0.7,6.46,136,0.19,9,75,196,96,0.31,0.03,0.006,1.9,0.9,0.029,0.122,0.074,0.256,0.029,4,0,4,4,0.52,302,86,85,0.29,2.8,0,12,0,0,0,4.048,1.855,0.74,27,68.25,32.01,0
89.08,33,1.44,0.27,1.98,7.24,1.4,1.2383,17,3.48,19,48,369,472,0.34,0.16,0.216,0.6,8.6,0.074,0.062,1.292,0.281,0.177,14,0,14,14,0,985,49,0,0.32831,51.684,31.422,743.61,2.5783,139.89,1082.1,0.038,0.04,0.108,0,244,425,0
84.61,55,1.52,0.31,0.54,13.02,5.3,7.7,26,0.64,21,26,145,1,0.34,0.117,1.247,0.2,15.3,0.05,0.034,0.84,0.244,0.065,26,0,26,26,0,35,2,0,0.87,7.8,0,21,0,0,118,0.011,0.03,0.176,0,147,71.226,0
7.3,506,5.1,31.1,2,54.4,1.5,22.1,30,3,40,105,168,672,0.82,0.346,0.519,4.3,0,0.154,0.208,2.138,0.275,0.002,53,53,0,90,0.02,921,211,198,2.83,25.5,0,156,0,0,8,6.732,14.729,7.713,1,223,28,0
4,385,17.31,9.91,12.26,56.52,2,7.99,48,3.41,10.182,54.091,144.57,3452,0.55386,0.10955,0.19543,2.2023,0.3,1.192,0.423,8.108,0.19043,0.082182,0,0,0,0,0.77568,115,26.227,7.7045,0.21432,0.93636,14.045,90.727,0.45455,1051.9,14.818,2.936,1.0558,0.64377,75,20,245.35,0
94.32,15,1.8,0.18,1.22,2.47,1,1.2383,15,0.6,9,38,172,284,0.47,0.107,0.152,1.6,16.5,0.054,0.089,0.851,0.124,0.098,85,0,85,85,0,526,26,0,0.32831,51.684,31.422,743.61,2.5783,139.89,1082.1,0.044,0.006,0.085,0,122,411,0
79.9,69,1.5,0.1,0.9,17.6,5.3,8.55,8,1.61,24,47,304,20,0.31,0.057,0.182,0.38571,54.1,0.048029,0.060457,0.77714,0.171,0.087857,7.8,0,7.8,7.8,0,100,5,0,0.22943,1.8943,0,60,10.829,0,45.429,0.014,0.44363,0.12377,0,114,71.226,9.4571
72.35,141,6.68,7.46,1.59,11.91,0.97692,4.3831,97,1.15,26,72,210,385,1.36,0.113,0.167,2.2,1.8,0.05,0.18,1.24,0.68,0.11,42,22,20,57,0.32,297,22.731,21.308,0.33462,2.1115,0,8.3462,0.11538,10.577,3.9615,3.446,2.606,0.883,22,198,76.179,0
58.98,240,25.93,14.36,0.92,0,0,0,18,2.74,20,186,286,64,6.45,0.079,0.01,21,0,0.04,0.171,4.927,0.597,0.338,6,0,6,6,2.49,0,0,0,0.44,1.2,0,0,0,0,0,5.464,6.183,0.45,91,85,309.13,0
95.24,14,1.5,0.17,0.68,2.41,1.7,1.2383,32,0.3,10,39,225,245,0.18,0.029,0.153,0.4,15.8,0.044,0.044,0.5,0.08,0.177,53,0,53,53,0,967,48,0,0.32831,51.684,31.422,743.61,2.5783,139.89,1082.1,0.036,0.02,0.061,0,119,14,0
61.68,206,29.01,9.1,1.1,0,0,0,16,1.95,24,223,358,59,5.4,0.091,0.011,33,0,0.077,0.149,8.559,0.57,0.604,10,0,10,10,1.81,0,0,0,0.41,1.5,0,0,0,0,0,3.465,3.633,0.325,85,28.35,453.6,18
45.6,321,5.5,22.5,0.9,25.5,0.4,15.721,51,0.63,11,93,90,207,0.51,0.02,0.14,5.2,0.4,0.028,0.193,0.195,0.571,0.052,18,3,15,20,0.17,547,142,137,0.27537,2.5707,0.073171,7.5854,0.12195,0.073171,13.902,9.921,8.634,1.602,55,28.35,80,0
84.34,81,0.97,6.87,2.22,5.61,2.5,0,94,3.32,4,3,9,898,0.22,0.226,0.02,0.9,1.5,0.003,0,0.022,0.015,0.012,0,0,0,0,0,346,17,0,1.65,1.4,0,204,8,0,510,0.909,5.071,0.586,0,8.3,15.2,0
63.13,191,28.48,7.7,1,0,0,0.20186,21,1.41,27,209,287,67,2.1,0.048,0.019,30.7,0,0.061,0.134,6.024,0.639,0.48,6,0,6,6,0.36,0,0,0,0.094419,0.52093,0.25581,1.8372,0.25581,1.4186,0,2.15,2.66,1.86,75,136,1566,14
88.4,44,0.8,0.27,0.48,10.06,2.3686,13.673,10,0.17,11,11,190,1,0.04,0.04,0.023,0.38571,42.7,0.111,0.021,0.28,0.191,0.054,29,0,29,29,0,146,7,0,0.22943,1.8943,11.571,41.4,10.829,0,45.429,0.029,0.046,0.064,0,249,31.1,0
45.87,376,22.17,31.23,0.97,0,0,0,11,2.31,19,172,296,63,5.24,0.082,0.013,22,0,0.07,0.17,3.36,0.31,0.23,7,0,7,7,2.52,0,0,0,0.1782,0.5764,0,0.78652,0,0,0,12.6,13.43,1.11,85,290,85,17
2.02,400,3.33,3.3,2.98,88.37,4,43.33,333,15,31,67,183,633,12.5,0.133,0.977,6.5,20,1.25,1.42,16.67,0.454,1.667,333,314,19,553,5,50,2,0,0.59,2.8,15,22,0,0,336,0.692,1.633,0.703,0,30,20.021,0
66.66,170,25.81,6.62,1.41,0,0,0,27,1.03,25,218,327,97,5.25,0.142,0.03,10.9,0,0.07,0.34,6.44,1.32,0.26,13,0,13,13,1.86,0,0,0,0.5,1.4088,0,0,0,0,0,2.5,2.4,0.53,114,251,85,30
55.8,170,9.8,0.5,1.4,32.5,5.7,1.2383,58,3,60,117,756,92,0.77,0.098,0.546,1.5,1,0.34,0.12,0.7,0.302,0.215,50,0,50,50,0,0,0,0,0.32831,51.684,31.422,743.61,2.5783,139.89,1082.1,0.061,0.037,0.291,0,284,94,0
56.35,237,30.42,11.89,1.35,0,0,0,13,1.43,22,204,202,78,2.06,0.116,0.022,25.2,0,0.112,0.277,6.408,0.861,0.31,6,0,6,6,0.26,112,34,34,0.3,3.1,0,0,0,0,0,3.1,4.05,2.83,83,140,137,48
77.8,78,2.86,0.1,2.04,17.2,3.3,1.2383,45,6.07,30,54,407,250,0.44,0.878,1.338,0.3,5.2,0.032,0.036,1.222,0.361,0.239,10,0,10,10,0,0,0,0,0.32831,51.684,31.422,743.61,2.5783,139.89,1082.1,0.026,0.002,0.043,0,34,102.86,0
3.58,416,6.94,9.4,2.28,77.8,5,31.62,13,19.8,56,147,190,691,16.6,0.25,0.667,10.3,0,2.33,1.73,21.5,0.48,4.85,1556,1537,19,2632,0,151,8,0,1.21,1,45,68,0,0,1010,2.03,4.04,2.28,0,27,20.021,0
85.1,50,2.48,0.62,0.99,10.81,2.3265,1.2383,17,0.47,22,23,358,244,0.15,0.045,0.17,0.6,9.5,0.074,0.047,0.558,0.447,0.172,16,0,16,16,0,6035,302,0,0.32831,51.684,31.422,743.61,2.5783,139.89,1082.1,0.128,0.046,0.26,0,205,102.86,0
3,401,3.6,3.9,1.6,87.9,0.7,44,5,6.67,19,58,110,584,5.56,0.12,0.609,15.4,0,1.39,1.57,18.52,0.562,1.85,370,351,19,616,5.56,2778,834,834,1.38,0.2,0,0,0,0,0,0.9,1.632,1.294,0,27,21.3,0
10,371,8.8,1.2,0.4,79.6,1.6,0.64,2,1,27,73,137,1,0.41,0.075,0.106,17,0,0.13,0.04,1.2,0.485,0.147,5,0,5,5,0,214,11,0,0.12,0.3,63,97,0,0,1355,0.155,0.3,0.516,0,156,9.7,0
31.18,243,2.46,0.49,1.82,64.06,7.8,13.673,38,2.71,39,77,796,18,0.5,0.385,0.227,0.38571,3.8,0.044,0.157,1.927,0.441,0.159,4,0,4,4,0,2442,122,0,0.22943,1.8943,11.571,41.4,10.829,0,45.429,0.04,0.232,0.11,0,293,71.226,6
76.92,113,19.15,3.48,1.04,0,0,0,20,0.76,21,191,314,84,3.99,0.074,0.009,7.9,1.0588,0.079,0.268,7.458,1.291,0.437,15,0,15,15,1.36,0,0,0,0.15059,1.4088,0,0,0,0,0,1.06,1.257,0.363,75,28.35,453.6,29
68,36,5.5,1.4,25.1,0,0,0,2,2.27,2,20,3,9690,0.42,0.14,1.3242,42.2,0,0.01,0.01,0.2,1.1445,0.01,1,0,1,1,0.02,7,2,2,0.02,0.1,0,0,0,0,0,0.273,0.202,0.475,5,58,20.021,0
43.93,310,18.2,19.17,2.58,16.16,0.5,3.29,174,2.23,21,196,230,637,3.02,0.078,0.145,10.969,0,0.148,0.273,4.263,0.387,0.211,41,9.7692,41,27.231,1.56,197.88,22.731,21.308,0.33462,2.1115,0,8.3462,0.11538,10.577,3.9615,8.015,6.559,0.637,63,249,76.179,0
53.61,204,16.7,5.41,2.37,21.91,1.4,5.2,38,1.48,17.962,154.62,181.27,666,1.21,0.090692,0.17604,10.969,4.9,0.187,0.183,6.177,0.869,0.11404,27.385,9.7692,20.423,27.231,0.41115,315,22.731,21.308,0.33462,2.1115,0,8.3462,0.11538,10.577,3.9615,1.463,1.865,1.678,38,242.23,76.179,0
47.31,283,13.25,16.18,2,21.26,0.97692,4.3831,33,2.57,19,128,194,526,1.03,0.127,0.26,22.2,4.9,0.18,0.13,3.74,0.33,0.11,55,39,16,82,0.21,55,22.731,21.308,0.33462,2.1115,0,8.3462,0.11538,10.577,3.9615,4.685,5.72,4.606,33,182,76.179,0
89.53,33,2.69,0.37,0.95,6.46,3.6,1.2383,201,1.07,29,27,253,48,0.26,0.053,0.633,1.4,40,0.05,0.11,0.641,0.11,0.115,73,0,73,73,0,9183,459,0,0.32831,51.684,31.422,5510,2.5783,139.89,1082.1,0.048,0.027,0.178,0,284,1361,0
55.4,251,31.06,13.1,0.99,0,0,0,13,3.68,23,235,263,71,10.27,0.148,0.018,26.7,0,0.08,0.28,2.67,0.35,0.29,6,0,6,6,2.47,0,0,0,0.14,1.7,0,0,0,0,0,5.08,5.65,0.43,106,193,85,23
13,335,85.6,0.1,1.3,0,0,0,55,1.11,22,39,16,196,0.14,2.161,0.105,39.5,0,0.025,0.23,0.085,0.125,0.007,30,0,30,30,0,0,0,0,0,0,0,0,0,0,0,0.07,0.06,0.01,0,7,28,0
80.49,79,0,0.24,0.05,19.23,0,13.66,0,0.54,1,0,15,7,0.15,0,0,0.2,0.7,0,0,0,0.001,0,0,0,0,0,0,0,0,0,0,0,0,0,0,0,0,0.013,0.051,0.016,0,51.94,32.01,0
4.23,502,4.91,24.85,1.21,64.93,1.1,48.25,106,0.81,27,105,186,198,0.96,0.197,0.273,4.3,0.6,0.155,0.208,1.109,0.265,0.025,26,18,9,38,0.29,77,22,21,1.27,5.8,0,0,0,0,3,18.96,2.182,0.329,7,56.7,16,0
5.6,382,29.1,10.7,5,49.6,15.1,7.8,45,9.09,320,1146,947,4,16.67,0.62,19.956,65,6,1.67,0.82,5.59,1.387,0.978,352,0,352,352,0,103,5,0,15.99,4,0,62,0,0,790,1.83,1.5,6.62,0,113,28.35,0
91.38,31,1.04,0.33,0.52,6.73,2.8,3.98,3,0.08,10,12,133,2,0.12,0.137,0.037,0.6,34.4,0.014,0.016,0.367,0.391,0.017,12,0,12,12,0,61,3,0,0.15,0,24,25,0,0,66,0.019,0.03,0.184,0,132.07,107.6,3
82.93,72,1.45,1.36,0.69,13.56,1.1,5.66,59,2.06,15,54,51,94,0.32,0.039,0.433,2.9,0.1,0.154,0.183,2.167,0.073,0.227,46,41,4,75,0.01,570,171,171,0.08,0.4,0,0,0,0,0,0.288,0.433,0.232,0,193,20.021,0
30.5,318,5.5,9.6,1.7,52.8,1.2,29.53,136,1.43,18,215,112,421,0.45,0.149,0.31,16.7,0.2,0.167,0.175,1.519,0.269,0.05,48,36,12,73,0.14,121,35,35,0.2,3.6,0,2,2,0,44,1.855,3.851,3.165,49,28.35,56,0
93.52,18,1.49,0.19,1.25,3.55,2.3265,1.2383,78,0.77,67,37,488,44,0.17,0.114,0.307,0.9,10.5,0.031,0.09,0.46,0.036,0.07,9,0,9,9,0,1852,93,0,0.32831,51.684,31.422,743.61,2.5783,139.89,1082.1,0.16277,0.24882,0.23428,0,115,431,0
3.89,369,15.07,8.89,15.05,57.09,1.8,3.7045,45,0.6,0,69,71,6048,0.8,0.4,1.2,2.2023,0.4,0.04,0.02,2.249,0.5,0.1,3,0,3,3,0.5,400,120,120,0.21432,0.93636,14.045,90.727,0.45455,1051.9,14.818,1.99,3.91,2.61,18,16.2,245.35,0
87.78,40,0.8,0.1,0.9,10.42,1.5,1.2383,33,0.7,32,36,347,3,0.13,0.065,0.167,0.5,11,0.14,0.01,0.7,0.4,0.154,17,0,17,17,0,367,18,0,0.32831,51.684,0,220,0,0,38,0.021,0.007,0.042,0,140,431,24
86.5,52,0.4,0.03,0.3,12.77,0.2,12.57,11,0.3,9,8,136,1,0.11,0.09,0.99,0.1,12,0.07,0.02,0.2,0.125,0.074,11,0,11,11,0,10,1,0,0.01,0.3,0,6,0,0,0,0.002,0.003,0.01,0,250,31.2,0
88.15,38,2.17,0.27,0.93,8.48,3.3,2.83,23,0.75,14,46,100,4,0.58,0.103,0.357,0.9,6.6,0.074,0.053,0.581,0.12,0.088,18,0,18,18,0,6745,337,0,0.38,13.1,1375,3359,0,1,930,0.049,0.023,0.129,0,255,102.86,0
70.13,114,1.49,0.14,1.19,27.05,3.9,0.49,14,0.52,18,49,670,244,0.2,0.152,0.371,0.7,12.1,0.095,0.028,0.552,0.311,0.228,16,0,16,16,0,122,6,0,0.38,2.6,0,73,0,0,0,0.029,0.005,0.06,0,136,68,0
71.64,112,0.38,0.14,0.61,27.23,0.4,0.39,16,0.88,24,39,183,12,0.22,0.166,0.37,0.7,4,0.13,0.04,1.1,0.293,0.273,21,0,21,21,0,66,3,0,2.3,1,0,31,17,0,0,0.029,0.011,0.058,0,240,102.86,0
6.3,385,13.2,5.3,3.2,72,10.8,34.05,282,19,115,562,478,19,3.35,0.36,1.3242,41.7,64,1.6,1.8,21.2,0.768,2.1,27,0,27,27,6.3,5291,1589,1589,0.38,3,0,0,0,0,124,0.686,1.51,1.26,0,94,47,0
71.6,139,19.25,6.3,0.95,0,0,0,10,2.34,20,184,319,77,5.91,0.082,0.014,16.6,0,0.11,0.19,2.36,0.32,0.4,6,0,6,6,3.85,0,0,0,0.13,1.2,0,0,0,0,0,2.37,2.8,0.24,65,28.35,453.6,34
72.89,128,22.88,3.38,1.1,0,0,0,20,2.12,25,221,351,57,4.28,0.101,0.014,28.6,0,0.096,0.165,6.958,0.681,0.672,14,0,14,14,1.91,0,0,0,0.29,1.2,0,0,0,0,0,1.158,1.425,0.145,46,28.35,453.6,10
83.44,69,5.13,2.01,1.54,7.87,1.6841,3.7045,11,0.61,4,44,153,445,0.9,0.1,0.1,5.1,2.3,0.017,0.069,1.371,0.14,0.04,5,0,5,5,0.1,2496,125,0,0.21432,0.93636,14.045,90.727,0.45455,1051.9,14.818,0.6,0.9,0.42,7,240,539,0
54.5,277,26.28,18.21,1.1,0,0,0,34,2.63,22,214,354,93,6.17,0.08,0.012,22,0,0.046,0.187,5.345,0.805,0.429,12,0,12,12,2.94,0,0,0,0.48,2.2,0,0,0,0,0,7.044,8.373,0.509,89,85,138.59,0
60.61,196,33.15,6,1.06,0,0,0,16,2.81,22,204,266,54,7.98,0.115,0.012,34,0,0.067,0.208,4.825,0.652,0.317,11,0,11,11,2.42,0,0,0,0.47,1.7,0,0,0,0,0,2.274,2.554,0.207,58,28.35,453.6,20
61.71,206,28.95,9.14,1.15,0,0,0,16,1.95,24,223,357,59,5.39,0.091,0.011,33,0,0.077,0.148,8.54,0.569,0.603,10,0,10,10,1.81,0,0,0,0.41,1.5,0,0,0,0,0,3.48,3.646,0.336,92,125.77,85,8
17.9,412,3.1,18.3,1.1,59.5,1.2,35.11,26,2.42,12,123,78,345,0.26,0.07,0.215,2.2,0,0.181,0.23,2.13,0.216,0.02,42,34,8,66,0.05,8,2,2,0.16,8,0,1,0,0,6,4.667,10.446,2.285,11,28.35,41,0
1.3,394,0,0.2,0.5,98,0,62.9,3,0.3,3,3,5,38,0.01,0.029,0.01,0.6,0,0.004,0.003,0.007,0.008,0.003,0,0,0,0,0,0,0,0,0,0,0,0,0,0,0,0,0,0,0,28.35,6,0
2.8,434,4,14.9,1.3,76.6,2.2415,15.721,19,1.99,40,82,219,303,0.64,0.276,0.351,2.6,0.3,0.165,0.162,1.882,0.131,0.067,35,26,9,53,0,11,1,0,0.27537,2.5707,0.073171,7.5854,0.12195,0.073171,13.902,2.519,5.158,6.373,0,28.35,610,0
70.05,157,21.89,7.02,0.91,0,0,0.20186,13,1.2,24,186,275,59,1.57,0.074,0.018,22.4,0,0.058,0.115,5.2,0.621,0.48,7,0,7,7,0.42,6,2,2,0.094419,0.52093,0.25581,1.8372,0.25581,1.4186,0,1.91,2.66,1.66,65,146,1132,10
66.43,154,31.27,2.3,1.3,0,0,0,6,4.56,30,272,397,53,3.19,0.232,0.026,46.1,0,0.35,0.599,9.814,3.387,0.916,9,0,9,9,9.37,0,0,0,0.23,0.52093,0,0,0,0,0,0.583,0.917,0.318,82,393.67,85,0
5.51,380,8.53,11.85,14.34,59.78,3.2,9.23,116,7.4,32,212,367,5053,0.96,0.149,0.202,9.3,1.9,0.236,0.473,2.261,1.014,0.282,69,43,26,99,0.33,1,0,0,0.38,0.3,0,1,0,0,10,5.866,5.488,0.499,12,454,6.7,0
83.51,60,0.42,0.08,0.3,15.7,0.8,14.45,14,0.28,14,6,122,1,0.1,0.086,1.121,0.4,9.5,0.095,0.019,0.284,0.1,0.074,5,0,5,5,0,38,2,0,0.01,0.3,0,23,0,0,0,0.006,0.01,0.029,0,249,47,0
72.61,142,20.49,6.06,1.08,0,0,0,11,1.57,17,187,156,52,2.88,0.078,0.024,1.4,0,0.15,0.31,6.15,0.46,0.12,0,0,0,0,2.48,0,0,0,0.19,1.4088,0,0,0,0,0,2.58,2.32,0.31,76,28.35,453.6,59
69.29,179,18.47,11.14,0.8,0,0,0.20186,17,1.53,18,161,245,71,2.89,0.124,0.018,25.5,0,0.073,0.191,2.91,0.948,0.3,9,0,9,9,0.37,11,3,3,0.094419,0.52093,0.25581,1.8372,0.25581,1.4186,0,3.14,4.12,2.78,79,524,45,38
55.72,260,28.04,15.53,1.23,0,0,0,13,2.57,27,208,394,69,6.99,0.1,0.016,21.9,0,0.1,0.22,4.8,0.34,0.4,8,0,8,8,3.32,0,0,0,0.1782,0.5764,0,0.78652,0,0,0,6.58,6.8,0.47,80,208,85,40
41.33,417,21.91,35.86,0.9,0,0,0,13,1.93,19,176,318,65,4.75,0.076,0.013,22.1,0,0.06,0.16,3.01,0.35,0.3,6,0,6,6,2.84,0,0,0,0.1782,0.5764,0,0.78652,0,0,0,14.81,15.6,1.25,84,276,85,21
66.47,164,26.13,5.81,1.47,0,0,0,27,1.16,27,226,356,91,4.32,0.146,0.03,11.3,0,0.07,0.33,8.24,1.19,0.3,17,0,17,17,1.57,0,0,0,0.5,1.4088,0,0,0,0,0,2.31,2.16,0.43,109,272,85,24
73.2,94,3.11,0.74,0.62,22.33,2.1,1.2383,3,0.61,29,75,251,4,0.63,0.046,0.142,0.7,4.8,0.174,0.069,1.517,0.25,0.224,31,0,31,31,0,4,0,0,0.32831,51.684,0,2,1,0,58,0.114,0.216,0.348,0,63,82,45
52.61,299,23.27,22.11,1.19,0,0,0,8,2.74,23,187,322,64,4.59,0.125,0.015,22.7,0,0.1,0.22,4.08,0.31,0.35,7,0,7,7,2.15,0,0,0,0.1782,0.5764,0,0.78652,0,0,0,8.45,9.78,0.79,74,255,85,23
75.96,86,3.22,1.18,0.62,19.02,2.7,3.22,2,0.52,37,89,270,15,0.45,0.054,0.161,0.6,6.8,0.2,0.06,1.7,0.76,0.055,46,0,46,46,0,1,0,0,0.07,0.3,0,1,0,0,34,0.182,0.347,0.559,0,73,90,64
72.54,122,21.51,3.33,0.97,0,0,0,12,1.7115,20.971,120,288.59,69.912,3.9729,0.12206,0.023029,9.8,0,0.39,0.11,4,0.76,0.21856,10.912,0,10.912,10.912,2.4297,0,0,0,0.15059,1.4088,0,0,0,0,0,0.99,1.3,0.48,98.765,28.35,453.6,0
89.22,35,1.89,0.28,0.73,7.88,3.3,1.55,46,1.28,25,39,299,3,0.36,0.103,0.294,0.4,9.7,0.074,0.097,0.614,0.074,0.056,33,0,33,33,0,81,4,0,0.45,16,0,49,0,0,709,0.064,0.011,0.145,0,125,102.86,0
78,83,0.44,1.1,0.5,19.96,5.3,13.673,21,0.8,12,12,193,12,0.1,0.086,0.2756,0.6,14.7,0,0.02,0.2,0.252,0.037,14,0,14,14,0,60,3,0,0.22943,1.8943,11.571,41.4,10.829,0,45.429,0.194,0.521,0.011,0,241,170,20
87.85,47,2.8,0.4,0.6,8.35,2.3265,1.2383,50,0.47,44,59,240,4,0.37,0.048,0.205,1.5,18.8,0.107,0.11,0.41,0.055,0.024,62,0,62,62,0,865,43,0,0.32831,51.684,31.422,743.61,2.5783,139.89,1082.1,0.105,0.036,0.169,0,91,12,5
75.48,94,3.17,0.38,1.24,19.73,5,3.23,128,1.12,52,51,418,240,1.03,0.133,0.572,2.5,2.2,0.101,0.148,1.403,0.154,0.065,127,0,127,127,0,791,40,0,0.22,51.684,0,475,0,0,0,0.096,0.034,0.161,0,165,102.86,0
96.29,11,0.45,0.23,0.97,2.06,0.4,0.95,5,0.06,2,12,26,345,0.02,0.006,0.024,1,0.1,0.011,0.023,0.196,0,0,1,0,1,1,0,0,0,0,0,0.1,0,0,0,0,1,0.05,0.13,0.03,0,246,184,0
61.34,215,28,10.55,0.99,0.07,0,0.20186,26,1.97,24,199,272,63,3.05,0.101,0.028,29,0.1,0.052,0.197,5.147,0.931,0.39,20,0,20,20,1.28,185,56,56,0.094419,0.52093,0.25581,1.8372,0.25581,1.4186,0,3.1,3.39,2.7,94,263,3300,20
72.19,142,21.59,5.53,1.05,0,0,0,5,2.53,24,211,345,62,3.94,0.134,0.019,32.3,0,0.073,0.204,6.38,0.69,0.721,6,0,6,6,4.34,0,0,0,0.08,0,0,0,0,0,0,2,2.503,0.309,61,305.01,201.4,0
90.8,26,2.7,0.2,1.4,4.9,3.3,1.6,103,1.46,32,43,354,25,0.2,0.147,0.48,0.9,70,0.08,0.11,0.8,0.21,0.18,187,0,187,187,0,10500,525,0,2.01,497.3,0,6300,0,0,9900,0.01,0.092,0.038,0,56,102.86,7
49.4,279,14.2,16.9,2.5,17,0.025581,0.20186,14,2.2,15,234,260,838,1.46,0.073,0.083,20.7,0,0.1,0.18,2.1,0.533,0.2,29,20,9,43,0.23,40,12,12,0.094419,0.52093,0.25581,1.8372,0.25581,1.4186,0,4.38,6.92,4.39,64,64,468.29,0
34.95,298,6.71,9.91,3.02,45.41,2.4,5.04,197,5.81,25,410,148,682,0.45,0.038,0.154,12.8,0.16585,0.544,0.655,7.785,0.325,1.016,67,56,11,106,2.18,191.07,37.341,36.268,0.95,8.1,0.073171,7.5854,0.12195,0.073171,13.902,1.58,5.195,2.24,16,39.94,72.074,0
62.02,234,18.68,17.15,0.91,0,0,0,7,1.91,19,177,306,58,3.75,0.071,0.013,14,0,0.1,0.16,3.23,0.32,0.39,6,0,6,6,2.95,0,0.067416,0,0.1782,0.5764,0,0.78652,0,0,0,6.91,7.42,0.63,66,28.35,453.6,12
76.58,112,19.79,3,1.07,0,0,0,22,0.9,24,208,311,92,4.06,0.121,0.029,8.3,0,0.09,0.29,6.15,1.45,0.4,11,0,11,11,1.68,0,0,0,0.26,1.4088,0,0,0,0,0,0.9,0.96,0.31,86,28.35,453.6,31
51.03,311,29.7,20.38,0.93,0,0,0,27,2.42,23,201,268,73,6.64,0.188,0.018,9.2,1.0588,0.093,0.263,4.369,0.707,0.203,10.912,0,10.912,10.912,3.25,0,0,0,0.15059,1.4088,0,0,0,0,0,9.696,8.173,0.83,106,85,181.89,13
2.9,386,6.8,2.5,2.5,86,5,47,20,6.2,57,160,140,700,5.1,0.12,1.886,10.878,52,1.3,1.4,17,0.164,1.7,344,325,19,572,5.1,1724,518,518,0.34,1.4,0,0,0,0,0,0.5,0.9,1,0,29,20.021,0
47.06,361,22.13,29.59,1.14,0,0,0,19,1.88,23,178,270,76,4,0.121,0.02,23.9,0,0.09,0.22,7,0.61,0.11,14,0,14,14,2.54,0,0,0,0.12,5.3,0,0,0,0,0,12.7,12.12,2.37,99,229,85,30
68.46,195,19.17,12.56,0.98,0,0,0,10,1.81,23,199,318,61,3.32,0.144,0.015,7.4,1.0588,0.145,0.298,5.167,0.502,0.375,10.912,0,10.912,10.912,2.81,0,0,0,0.15059,1.4088,0,0,0,0,0,5.813,5.146,0.591,65,28.35,181.89,6
74.05,132,19.34,5.44,1.08,0,0,0,21,1,25,208,327,83,3.2,0.12,0.028,8.4,0,0.08,0.27,7.63,1.26,0.44,15,0,15,15,1.37,0,0,0,0.27,4.6,0,0,0,0,0,2.26,2.08,0.38,82,28.35,304,21
62.31,210,27.63,10.24,1.14,0,0,0,6,2.83,26,232,370,64,6.73,0.12,0.016,26.9,0,0.09,0.26,3.61,0.45,0.38,8,0,8,8,2.81,0,0,0,0.1782,0.5764,0,0.78652,0,0,0,3.81,4.22,0.4,82,327,85,4
60.65,151,0.2,0.15,0.1,38.9,1,37.9,4,0.22,3,6,26,29,0.05,0.02,0.06,0.3,2,0.015,0.021,0.1,0.171,0.014,1,0,1,1,0,42,2,0,0.83,1.4,0,25,0,0,63,0.013,0.021,0.066,0,277,57,0
63.9,225,20.13,15.38,0.93,0,0,0,5,2.17,22,195,333,55,3.19,0.077,0.013,19.9,0,0.107,0.18,3.783,0.404,0.52,9,0,9,9,2.74,0,0,0,0.1782,0.5764,0,0.78652,0,0,0,6.29,7.14,0.58,64,28.35,453.6,2
69.37,172,20.64,9.51,1,0,0,0,25,1.47,21,183,313,51,3.61,0.067,0.013,22.1,0,0.055,0.087,6.658,0.603,0.556,11,0,11,11,1.15,0,0,0,0.33,1.3,0,0,0,0,0,3.493,4.724,0.438,72,182.68,201.4,2
62.28,200,27.71,9.02,1.48,0,0,0,17,2.31,30,219,340,82,5.73,0.145,0.028,31.5,0,0.1,0.29,6.81,0.71,0.14,23,0,23,23,3,0,0,0,0.2,1.4088,0,0,0,0,0,3.42,3.65,0.8,92,85,74,36
80.96,70,1.89,0.14,1.1,15.9,1.7,1,10,0.73,22,61,455,6,0.33,0.134,0.141,0.5,8.6,0.081,0.031,1.149,0.279,0.17,18,0,18,18,0,7,0,0,0.01,2.9,0,4,0,0,21,0.034,0.003,0.057,0,369,213,0
26.69,262,1.87,0.63,1.11,69.7,7.5,62.2,34,2.1,33,59,533,6,0.39,0.371,0.327,0.2,7,0.008,0.145,1.372,0.153,0.072,0,0,0,0,0,3,0,0,0.06,20.4,0,2,0,0,50,0.035,0.132,0.148,0,180,18,0
82.1,72,1.9,0.2,0.6,15.1,0.3,22.125,14,5.7,5,14,27,170,0.17,0.029,1.3242,10.878,0,0.3,0.2,3.5,0.092,0.4,71,64,7,116,0,882,265,265,1.9032,1.2488,7.5366,13.171,0.073171,0,195.9,0.034,0.028,0.111,0,142,20.021,0
21.9,418,6.8,23.3,1.4,46.7,2,15.721,54,1.91,22,108,123,351,0.81,0.125,0.45,17.2,0.3,0.209,0.229,1.678,0.655,0.027,61,29,32,81,0.18,111,33,33,0.27537,2.5707,0.073171,7.5854,0.12195,0.073171,13.902,5.797,12.976,3.12,32,28.35,57,0
74.58,129,18.84,5.41,0.98,0,0,0,5,2.13,21,174,321,58,6.3,0.081,0.013989,10,0,0.115,0.186,3.305,0.42943,0.39,7,0,7,7,3.08,0,0,0,0.12,0.5764,0,0,0,0,0,1.65,1.9,0.31,57,453.6,28.35,16
32.6,275,10.5,1.6,1.8,53.4,2.3,15.721,74,1.36,29,96,101,534,0.88,0.163,0.54,9.122,0,0.163,0.052,1.758,0.363,0.051,22,0,22,22,0,0,0,0,0.27537,2.5707,0.073171,7.5854,0.12195,0.073171,13.902,0.22,0.131,0.696,0,26,69.04,0
91.53,28,1.22,0.34,1.94,4.97,0.5,3.02,14,0.06,10.182,54.091,144.57,499,0.55386,0.10955,0.19543,2.2023,8.2,0.10925,0.090886,1.1601,0.19043,0.082182,14.864,6.6818,6.7045,18.114,0.77568,465,26.227,7.7045,0.21432,0.93636,14.045,90.727,0.45455,1051.9,14.818,1.2142,1.0558,0.64377,0,30.16,245.35,0
91.63,32,0.96,1.02,0.55,5.84,1.9,3.93,7,0.62,20,39,268,1,0.22,0.079,0.153,0.5,11.7,0.044,0.035,1.85,0.15,0.056,7,0,7,7,0,114,6,0,0.38,9.8,10,63,0,0,495,0.139,0.155,0.417,0,34,66,5.3012
3,299,16.8,23.71,5.1,48.3,29.8,1.55,122,14.5,519,758,1574,20,6.7,3.61,0.17126,12.3,0,0.08,0.37,1.8,0.14397,0.19,38,0,38,38,0,0,0,0,0.09,2.3,0,0,0,0,34,12.64,7.38,0.769,0,5.4,32.01,0
91.4,24,3.36,0.56,1.67,3.02,3,1.2383,117,2.29,32,54,567,118,0.71,0.137,0.943,1.2663,1.4,0.13,0.144,0.531,0.221,0.176,177,0,177,177,0,2320,116,0,0.32831,350,0,1380,24,139.89,3834,0.16277,0.24882,0.23428,0,25,14,4
0.7,471,5.81,29.3,1.2,55.07,8.7,39.19,1164,3.47,39.914,200.6,183.77,7,0.65971,0.32951,0.17126,3.1114,42.6,0.028114,0.084029,0.39677,0.14397,1.364,273,0.6,7.3143,8.2,4.09,31,23.943,23.571,12.27,1.1943,0,3.4571,0.37143,0,2.7714,15.703,2.2347,0.84611,0,22,32.01,0
10.48,347,8.53,1.36,0.44,79.16,4.8,1,4,3.52,49,166,146,2,0.92,0.11,0.22,10.878,0,0.58,0.33,4.81,0.31,0.27,154,284.37,23.561,507.07,0,0,0,237.71,1.9032,1.2488,7.5366,13.171,0.073171,0,195.9,0.26,0.2,0.68,0,41,20.021,0
1.53,397,5.9,1.14,0.8,90.57,1.6,53.3,16,8.37,49,146,166,161,6.96,0.18,1.688,10.878,15.207,1.27,1.83,23.53,0.448,2.69,438,410,28,725,6.97,2593,779,779,0.43,1.7,0,0,0,0,0,0.21,0.25,0.48,0,27,20.021,0
5.52,436,10.29,15.71,5.21,63.27,2.2,1.78,30,4.11,24,121,185,2002,1.08,0.15,0.53,10.7,0.6,1.5,0.267,4.196,0.302,0.087,109,84,24,168,0.18,0,0,0,1.56,0.93636,0,0,0,0,10,7.965,6.784,1.528,6.4545,43,85,0
3,399,4,4.6,1,87,0.2,30.1,10,6.2,23,79,79,630,0.8,0.1,0.587,12.1,20,1.3,1.4,17,1.1445,1.7,680,676,4,1153,5,1680,505,505,0.39,1,0,0,0,0,0,0.9,1.6,0.6,0,30,20.021,0
8.9,364,17.03,7.97,3.14,62.94,14.3,1.43,79,8.07,241,694,579,5,4.2,0.3,5.7,0,0,0.97,0.3,0.8,0.85,0.11,38,0,38,38,0,100,0,0,1.9032,1.2488,7.5366,13.171,0.073171,0,195.9,1.43,2.61,3.03,0,40,20.021,0
91.67,18,0.62,0.19,3.4,4.13,1.2,1.2383,9,0.53,11,21,116,18,0.14,0.079,0.015,0,1.9,0.014,0.029,0.06,0.054,0.013,1,0,1,1,0,329,16,0,0.32831,51.684,31.422,743.61,2.5783,139.89,1082.1,0.048,0.003,0.077,0,65,6,0
73.45,143,20.65,6.08,1.05,0,0,0,9,1.94,25,214,342,64,3.58,0.156,0.016,8,1.0588,0.155,0.32,5.56,0.53,0.406,10.912,0,10.912,10.912,3.01,0,0,0,0.15059,1.4088,0,0,0,0,0,2.413,2.519,0.331,64,28.35,181.89,16
64.85,183,26.75,7.68,1.08,0,0,0,13,2.48,26,237,354,66,5.21,0.173,0.015,14.2,1.0588,0.135,0.42,5.725,0.99,0.46,10.912,0,10.912,10.912,3.19,0,0,0,0.15059,1.4088,0,0,0,0,0,3.111,3.129,0.39,85,85,181.89,14
4,354,20.71,3.29,9.51,62.49,14.6,3.25,22,5.05,10.182,54.091,144.57,2092,0.55386,0.10955,0.19543,2.2023,3.2,0.094,0.056,0.551,0.19043,0.082182,80,70,10,129,0.77568,1297,26.227,7.7045,0.21432,0.93636,14.045,90.727,0.45455,1051.9,14.818,0.384,1.0558,0.64377,0,36,245.35,0
74.38,117,21.72,2.7,0.97,0,0,0.20186,14,1.3,24,198,302,73,2.46,0.1,0.019,26.5,0,0.079,0.165,4.768,0.902,0.47,9,0,9,9,0.43,0,0,0,0.094419,0.52093,0.25581,1.8372,0.25581,1.4186,0,0.89,0.57,0.78,68,286,3302,31
68.12,180,22.06,9.46,1.06,0,0,0,3,2.02,24,211,367,51,2.78,0.08,0.014,20.3,0,0.1,0.18,4.22,0.35,0.49,9,0,9,9,2.77,0,0,0,0.1782,0.5764,0,0.78652,0,0,0,3.63,3.94,0.4,59,28.35,453.6,1
8.5,382,4.6,8.1,1.8,77,0,65.5,138,0.14,17,114,214,245,0.44,0.018,0.011,1.8,0.4,0.103,0.256,0.148,0.62,0.056,4,0,4,4,0.3,42,12,11,0.46,1.8,0,2,0,0,0,2.476,1.542,3.478,7,71,10.1,0
57.9,209,35.62,6.31,1.72,0,0,0,4,3.27,25,223,330,45,4.5,0.122,0.018,32.7,0,0.07,0.25,3.76,0.37,0.28,9,0,9,9,2.68,0,0,0,0.15,1.6,0,0,0,0,0,2.25,2.51,0.27,90,267,85,2
3.5,502,7.4,25.3,2.8,61,1.6,1.79,120,3.6,27,228,355,373,0.68,0.213,0.556,6.6,0,0.408,0.342,4.048,0.271,0.053,90,75,14,142,0,0,0,0,2.03,6.3,0,0,0,0,11,3.776,10.64,9.545,0,62,72,0
85.02,57,0.17,0.15,0.15,14.51,0.6,13.91,10,0.34,3,0,31,5,0.15,0.013,0.013,0.3,3,0.006,0.004,0.15,0.054,0.009,2,0,2,2,0,361,18,0,0.24,0.8,0,91,251,0,25,0.047,0.041,0.035,0,250,31.2,0
58.87,222,29.58,10.66,1.2,0,0,0,9,2.99,26,233,360,67,6.92,0.125,0.017,24.2,0,0.1,0.24,4.14,0.4,0.37,8,0,8,8,2.64,0,0,0,0.1782,0.5764,0,0.78652,0,0,0,4.07,4.48,0.36,86,226,85,31
78.04,82,0.65,0.21,0.23,20.87,0.9,13.673,22,0.35,7,9,42,11,0.08,0.066,0.343,0.38571,4.9,0.013,0.022,1.352,0.018,0.02,8,0,8,8,0,3,0,0,0.22943,1.8943,0,2,0,0,45.429,0.11054,0.44363,0.12377,0,150,214,0
66.21,184,27.39,7.42,0.84,0,0,0,13,0.92,22,156,178,62,0.97,0.044,0.018,21.8,0,0.041,0.115,7.807,0.547,0.29,3,0,3,3,0.21,82,25,25,0.27,0.2,0,0,0,0,0,2.08,2.9,1.58,75,140,66,18
45.85,272,12.03,13.19,2.73,26.19,0.8,9.56,109,1.65,17.962,154.62,181.27,752,1.21,0.090692,0.17604,10.969,1.8,0.126,0.3,1.319,0.522,0.083,27.385,9.7692,20.423,27.231,0.41115,313,22.731,21.308,0.33462,2.1115,0,8.3462,0.11538,10.577,3.9615,4.201,4.686,1.775,147,168,76.179,0
61.33,214,26.62,11.1,0.93,0,0,0,13,2.89,21,193,300,61,6.65,0.078,0.01,21.6,0,0.037,0.172,5.228,0.625,0.348,6,0,6,6,2.5,0,0,0,0.41,1.1,0,0,0,0,0,4.379,4.676,0.398,86,85,322.6,0
51.08,312,24.73,22.84,1.08,0,0,0,13,2.28,23,183,342,64,5.93,0.09,0.014,21,0,0.09,0.19,4.18,0.3,0.35,7,0,7,7,3,0,0,0,0.1782,0.5764,0,0.78652,0,0,0,9.24,9.78,0.78,83,272,85,22
3,381,7,2.9,1,86,4.7,33,31,8.1,46,152,167,429,1.4,0.16429,1.3242,10.878,21,0.5,0.6,7,1.1445,0.7,140,121,19,225,2.1,750,239.37,237.71,1.9032,1.2488,7.5366,13.171,0.073171,0,195.9,1.5,0.2,1.2,0,32,20.021,0
67.12,175,26.15,7.07,0.83,0,0,0,8,3.43,23,224,323,80,4.33,0.136,0.017,33.5,0,0.213,0.268,6.557,1.21,0.501,14,0,14,14,5.74,0,0,0,0.24,3.5,0,0,0,0,0,1.793,2.156,0.739,83,93.25,85,23.535
56.73,245,26.96,13.72,0.96,1.63,0.1,0.20186,12,1.34,23,176,229,89,2.89,0.08,0.028,18.4,0,0.081,0.225,6.037,1.215,0.35,10,2,8,11,0.32,84,25,25,0.094419,0.52093,0.25581,1.8372,0.25581,1.4186,0,3.66,5.42,3.23,90,29,49,34
64.71,151,3.54,5.8,0.78,25.17,1,5.81,121,0.59,39.914,200.6,183.77,77,0.65971,0.32951,0.17126,3.1114,0.7,0.028114,0.084029,0.39677,0.14397,0.0638,15.686,0.6,7.3143,8.2,0.22571,266,23.943,23.571,0.71429,1.1943,0,3.4571,0.37143,0,2.7714,3.65,2.2347,0.84611,16,71,32.01,0
6,468,7.2,22.6,1.8,62.4,7.5,15.721,160,2.5,105,248,179,15,1.4,0.12,0.435,9.122,0,0.228,0.053,1.35,0.47,0.296,105,99,6,174,0,0,0,0,0.27537,2.5707,0.073171,7.5854,0.12195,0.073171,13.902,3.245,8.934,8.494,0,28.35,13,0
