-62.629,22.707,21.719,0.22553,-6.3924,6.5095,0.91604,-60.311,-20.402,25.197,42.067,-41.019,-37.077,35.832,27.32,-27.263,-8.1988,18.191,25.849,7.4176,-4.3256,-3.5608,-20.615,-25.121,40.021,-8.0854,8.4866,-21.473,-19.466,-38.223,-3.3635,-73.544,15.394,-22.004,-48.197,-40.376,6.6162,-28.018,15.638,-0.87587,7.6158,22.42,28.514,-33.26,18.937,-10.097,-8.1742,-34.989,-39.556,46.088,56.377,9.1738,30.39,7.4797,25.389,-26.17,53.608,20.748,-9.8301,-53.696,5.1473,15.735,-5.8674,-15.911,-57.809,77.238,-37.365,7.3987,22.09,-12.132,-28.067,14.115,3.0754,54.813,-31.648,-20.387,-47.703,3.3158,-26.182,-4.7622,-9.4187,22.118,-12.676,4.2395,-0.97012,-0.027117,3.0292,-49.293,-52.16,16.282,-12.788,44.164,-31.895,7.36,42.801,12.823,-43.428,4.1642,33.254,23.23
-16.906,9.9709,-4.2543,1.8177,4.8469,-12.406,27.78,-51.11,-8.3017,37.312,27.374,-71.326,-10.187,-25.561,7.4091,-1.6809,-63.076,14.988,-4.7264,-0.29397,11.407,-23.387,9.2054,-30.39,12.479,-23.97,62.973,-17.791,45.119,-19.072,-28.369,-47.861,10.681,-15.44,-38.511,-41.531,57.422,-33.966,1.166,14.452,-37.779,43.824,42.225,26.485,22.364,-33.98,-14.649,-63.926,-31.544,75.086,9.7961,-1.5964,37.206,-11.298,8.5292,3.3185,-17.631,-16.537,-5.5025,-36.009,36.226,34.11,-7.1227,-4.5759,-70.959,51.162,-7.2916,-3.3318,-2.7705,-49.838,-5.2034,0.94602,-9.2266,22.005,28.901,-49.895,-58.569,11.258,45.784,17.756,41.51,5.057,14.14,45.065,14.252,2.5279,-2.6173,23.087,-49.059,-31.927,46.267,75.362,-18.835,51.792,19.427,-8.6026,-18.013,29.37,8.6177,-43.119
-22.403,31.688,-28.472,18.026,-18.795,-17.094,-13.202,-39.207,-20.234,11.075,-4.3237,-55.71,4.6541,-45.768,-0.96571,-3.4759,-14.207,63.123,22.617,14.723,-12.605,-13.272,-92.7,-14.244,12.119,-47.476,-12.899,47.963,17.567,-6.8253,27.339,-36.074,21.364,-31.606,-3.9209,-14.593,53.33,-41.085,-3.6739,-3.5329,-18.379,25.719,15.81,-12.909,-1.2854,-24.983,19.645,-43.722,-46.753,42.12,52.405,-8.7021,-16.157,6.1469,-49.183,-26.6,10.666,17.986,16.224,-5.9345,40.443,25.409,-7.34,56.478,-24.203,59.815,-18.338,12.968,-23.619,-4.1029,-4.3848,-23.033,-17.777,8.0137,42.964,-10.153,-46.868,46.346,21.313,16.332,15.613,23.385,-16.105,-19.228,12.757,-13.947,8.4582,11.11,12.657,-16.166,-15.387,40.391,-46.468,21.786,34.132,-5.214,12.293,-24.291,19.382,-24.593
-1.3176,28.076,-25.291,-20.523,-29.068,5.4969,-6.5953,3.866,4.8234,-8.6896,24.658,-28.201,-20.799,35.738,41.17,-1.9839,-36.483,-13.696,-29.357,7.1021,26.663,-16.217,4.3609,-9.4393,6.4304,14.26,-12.762,9.5452,18.788,9.6146,28.902,-56.937,29.443,-30.416,-17.096,-48.589,16.438,2.3428,-15.938,-19.685,-18.403,3.9568,37.075,-9.2105,14.182,-26.957,1.4139,-30.459,-16.819,44.539,33.567,30.888,28.063,-8.9721,-4.3553,33.585,13.215,-0.75063,16.664,-43.741,31.232,40.23,-22.084,-12.71,-63.049,45.711,-41.05,24.511,-12.858,-45.254,28.505,-12.371,53.24,39.354,9.2337,-28.855,-0.00096634,7.6142,16.944,11.251,38.439,1.8588,2.0858,44.659,5.862,3.5886,-18.308,-20.531,-26.909,-6.0327,31.957,42.526,-8.2746,41.288,30.063,-26.382,-8.2848,-9.1514,-29.935,5.5916
-17.927,12.591,-21.572,10.366,29.825,-21.751,3.5509,4.3596,-4.5465,-21.142,3.215,-38.296,-4.7265,9.5467,6.8299,9.8377,-11.845,19.579,-1.7548,7.0881,48.479,-32.8,-15.99,-23.938,13.448,-13.598,23.126,-6.9969,7.1321,-35.146,-1.1463,-26.477,31.516,3.9147,-19.304,8.5986,38.608,-11.361,-46.244,-7.8586,13.179,13.361,52.321,-17.478,14.769,15.098,53.915,-18.752,-55.297,21.15,26.778,-13.482,43.738,-19.635,27.9,45.68,20.923,0.92051,-10.149,-6.2591,21.871,33.009,-4.0058,8.3602,-58.656,25.517,-4.9889,20.047,-33.055,15.38,-34.957,-24.509,16.653,-7.9845,7.2387,21.623,19.377,15.518,-33.39,4.3655,58.47,16.252,22.217,-13.458,-18.292,-0.20615,0.94226,2.6109,-18.45,33.107,-2.1564,13.531,-29.647,-6.9612,26.075,-4.3452,-5.7783,3.4836,18.745,-23.661
-31.125,5.1465,31.514,11.13,18.626,-9.1206,-14.626,19.459,-15.24,-4.8636,43.746,-36.217,10.516,56.847,13.58,-14.253,-18.013,12.618,-0.57578,23.695,23.27,-74.798,10.756,-5.5924,34.422,-48.577,66.008,-25.55,9.5001,-13.643,-30.149,-55.922,4.1304,-0.89688,-11.712,-28.484,54.58,-30.848,-44.414,18.555,8.4627,13.319,47.752,-56.809,15.115,-11.765,20.298,-61.041,-22.715,47.418,28.374,9.8878,23.958,17.915,28.41,34.543,25.626,16.169,-0.66504,-29.307,-7.0332,-0.57501,-14.132,-55.298,-57.831,-11.147,-32.845,-8.766,11.424,-54.838,-10.71,0.22191,-17.367,26.383,29.583,25.794,0.7486,18.998,29.903,-19.331,37.951,24.198,-5.4526,-11.595,13.955,13.386,14.614,-10.169,-50.968,28.387,-11.544,15.292,19.305,-11.025,44.979,-18.789,-17.551,-19.384,11.454,29.858
11.652,12.604,11.88,23.046,7.0043,2.6709,-17.535,7.0375,-15.881,-6.8084,21.823,-24.446,-18.84,3.5304,15.564,-8.6397,-16.521,44.582,-18.317,41.571,-45.311,7.1795,-52.904,1.3935,16.828,-9.5059,3.2878,-16.8,19.311,-19.453,5.3952,-69.474,12.654,-19.062,-1.6918,-72.089,27.369,-44.114,15.003,-10.838,-1.539,14.048,48.351,-18.083,-8.428,-47.996,-3.0455,-41.867,-49.62,27.13,36.858,17.492,26.879,-39.511,-0.56486,20.861,37.216,27.7,-3.4237,-16.673,14.81,3.2038,-23.885,8.1739,-66.662,29.9,2.9303,49.21,0.82776,5.2312,-24.641,-23.282,-10.879,15.084,-2.9355,-22.428,-51.528,26.423,6.5312,25.664,0.085604,-2.8066,24.288,6.1334,5.623,-51.316,7.7671,29.417,-39.529,19.988,-41.897,7.2161,7.8721,-36.835,-18.866,-36.519,-40.287,22.107,42.701,26.644
4.065,1.2613,26.92,-13.422,29.592,-8.7897,-7.3773,-38.668,-38.673,0.094988,4.2732,-58.543,32.894,6.6571,2.3788,-23.575,-33.99,24.172,17.908,61.951,0.18022,-23.038,21.082,2.0096,-10.321,-7.1903,42.232,-2.4127,43.622,-23.099,-4.6637,-52.871,20.104,-24.397,-62.753,-23.611,50.63,-56.139,-19.809,8.5307,2.5333,35.483,46.456,-7.5511,-16.001,-10.42,2.1893,-50.881,-14.836,41.735,30.108,-14.454,-4.2525,-19.266,12.586,22.265,22.316,42.272,1.5562,-19.561,15.242,18.51,-9.5767,16.277,-69.259,41.846,9.2522,-13.147,9.5869,-17.307,-2.6441,-29.996,-12.426,61.916,-8.9096,-2.3074,11.451,12.242,6.0052,3.9796,11.024,0.79115,6.826,29.409,8.2003,-10.72,-4.9082,2.7368,-30.007,-14.826,8.5511,6.2807,-13.595,-4.9977,21.088,-33.075,-36.499,2.8905,-11.326,25.784
-15.732,-7.5282,-26.801,-2.954,-3.7003,11.851,-7.8989,-14.728,16.847,35.455,61.855,-75.059,-1.1301,14.344,-29.189,-8.3799,-28.03,19.637,25.238,-12.383,10.213,-20.154,-43.673,11.238,29.073,-12.662,46.978,16.679,32.507,-17.045,-41.101,-57.879,11.946,2.2086,-31.03,-17.403,64.813,-21.811,-8.3612,-9.6583,-32.891,-4.8264,13.029,-77.118,2.9094,-11.315,-5.5496,-36.076,-28.461,56.27,3.9039,-37.387,27.209,-4.2675,36.051,2.0778,65.243,14.217,-28.621,-25.432,-8.9693,-1.4719,-8.6403,-2.5446,-53.799,29.048,9.1641,12.563,11.427,-57.319,-4.4976,-31.454,11.012,46.603,-20,-10.402,-17.967,-8.4195,10.943,-23.799,7.7779,54.536,29.079,-9.675,29.575,-0.032585,-8.6311,-16.382,-59.639,45.238,1.6156,55.569,-15.143,15.575,11.65,-1.797,-44.412,-0.85194,44.959,-24.794
-17.127,5.4112,-29.501,-2.5273,34.958,-22.864,23.24,-22.084,-13.256,9.4667,7.838,-73.524,-28.067,7.806,23.013,13.158,-29.324,-12.65,20.161,24.41,13.399,-0.32616,0.81577,-27.413,10.641,-21.608,36.089,5.5419,28.489,-24.675,20.79,-26.225,24.528,-24.824,-46.257,-34.635,42.031,-31.432,3.8059,-2.8412,-32.368,-11.572,-1.8548,-22.755,-5.4719,1.3071,14.3,-16.694,-11.425,31.262,36.11,-16.999,14.244,18.189,36.018,21.932,-13.911,-11.463,-13.512,0.18547,20.205,7.1352,-7.4644,-34.574,-77.092,70.512,16.97,33.102,-3.385,-34.752,-26.859,17.992,26.464,43.24,39.971,-13.448,-7.7723,27.077,-26.38,-37.225,4.4325,19.604,40.408,1.4577,-4.3748,9.9649,-2.7195,11.796,-0.90658,23.745,16.634,30.231,-21.294,-16.149,4.7924,-7.9075,-24.433,15.496,22.042,-17.863
16.547,9.5129,7.1591,17.085,-0.48799,-8.2982,10.802,-36.285,-59.938,11.421,1.3592,-14.244,-18.392,32.282,0.24916,-13.453,-28.582,27.482,27.867,14.532,4.6789,-34.38,-5.1514,-8.3618,10.432,-8.6231,-9.1022,28.448,-6.3244,-19.28,-17.443,-39.269,-2.1473,-17.404,-16.501,-20.201,31.593,-69.109,-9.768,17.986,-20.738,19.344,26.203,15.33,-13.897,1.9467,14.958,-52.372,-7.6154,19.2,25.878,7.1791,17.231,1.171,24.393,27.141,-15.246,20.26,-20.981,-4.5424,18.219,29.322,-26.271,4.9253,-20.062,26.208,2.6468,10.974,26.089,7.3774,0.87992,-18.531,-31.213,-5.5597,-15.817,-7.4307,-24.404,-3.9082,-38.197,3.3772,-28.086,-0.74393,-11.865,-4.3059,49.3,-2.8892,-7.0292,-25.755,-12.836,16.762,-13.079,23.45,-19.736,-50.771,10.156,22.409,-33.751,22.278,11.279,22.879
-38.063,76.997,-5.0893,30.454,-1.6218,-12.196,-8.5639,-26.732,-53.074,17.077,37.869,-13.918,-70.156,42.164,35.212,19.646,-23.706,6.3617,19.503,22.005,-7.4974,-16.886,-2.492,-37.702,58.933,5.0791,25.01,-19.248,11.259,-8.6792,-33.809,-61.374,11.987,14.964,-10.604,-50.684,19.702,-3.3686,-19.57,18.988,-6.7664,33.055,45.657,-18.663,37.003,-26.673,11.955,11.528,-21.278,44.021,11.674,-0.28096,33.855,-7.7592,70.44,17.212,33.87,33.305,13.76,-26.89,-16.423,39.613,-12.187,-60.511,-19.523,1.8548,-47.232,-16.112,-38.119,-1.862,-17.902,30.937,11.521,6.2848,45.538,-23.308,-16.461,37.948,-28.896,32.693,-5.3589,1.1303,-7.0894,37.431,-23.907,-6.9335,1.681,-19.198,-35.478,-12.941,-15.169,28.887,8.1023,-32.008,25.781,-8.6133,-41.794,-37.535,46.452,8.5462
-32.463,-3.3155,-11.439,31.41,21.819,-2.0853,4.1483,-26.796,-9.9613,30.301,-1.7633,-29.127,-24.784,10.382,-0.1241,-7.1312,-7.4328,-1.6126,-0.21738,16.316,1.2959,-35.106,-11.328,-35.674,18.972,-20.477,48.511,0.89464,6.6547,-0.46276,-23.601,-39.595,-2.3908,1.4949,-11.623,-28.876,62.814,-21.821,-32.1,26.185,-12.382,38.355,20.674,-20.83,8.5108,0.51404,21.955,-46.333,-2.9599,84.54,23.036,-12.998,-16.131,-8.2294,-2.5901,-8.242,-11.73,18.24,20.605,-32.739,24.519,-2.7338,-40.627,-23.75,-31.546,18.138,-39.658,33.995,-17.542,-28.198,-24.45,-15.794,-32.24,5.5859,25.549,-25.913,-74.598,1.9742,51.696,16.958,29.599,-5.833,-16.41,34.182,-15.052,-24.532,23.166,-18.618,-38.329,22.176,21.3,40.469,9.9587,20.509,12.242,-3.9015,-12.1,10.532,27.745,-7.4905
-33.514,45.175,1.6017,-0.62813,-19.976,-16.151,-31.337,-53.607,-20.62,20.851,7.8792,-47.403,-34.84,27.616,-1.035,-28.674,-19.655,36.409,41.492,25.552,11.45,-29.846,-19.791,12.359,13.469,-20.615,22.721,-9.3523,31.639,1.1191,4.3998,-83.482,32.12,-26.5,-18.778,8.0099,27.935,-28.687,-4.2616,-45.067,8.4446,14.269,41.88,-48.482,-4.0275,-27.457,-5.004,-21.826,-36.818,-4.2999,44.999,-35.484,-4.6993,19.618,27.962,20,52.318,6.9614,-8.0955,-33.485,-19.396,31.084,19.097,10.053,-36.898,27.243,-37.395,11.871,16.398,-10.508,4.2978,7.5111,-14.966,23.931,-1.9635,25.529,-8.5153,35.517,-45.163,-27.863,13.978,21.72,4.2437,22.763,-33.918,-0.84118,-15.806,-38.947,-40.229,-12.478,5.8182,9.4378,-14.517,-0.74933,45.177,-6.8883,-15.867,-47.809,34.467,16.064
20.424,51.233,-3.2318,37.378,8.5096,-16.842,9.4868,7.4345,15.663,14.114,53.095,-72.536,-6.8367,3.8648,-18.328,3.8938,-49.494,14.537,14.316,17.153,19.775,-18.352,-59.188,14.779,32.414,-44.905,24.679,-9.5825,53.565,-4.276,-14.679,-65.581,16.21,12.863,-1.0115,-10.566,78.876,-40.027,-42.254,-30.669,-44.501,68.589,-0.28571,-31.573,5.2505,-43.309,83.359,-19.465,-12.128,57.449,24.28,-21.993,-1.3807,-63.546,-0.88271,1.1545,4.1141,-10.701,-16.046,-22.453,22.168,-13.503,3.0048,-30.121,-57.975,25.097,-32.375,51.337,7.2094,-34.334,-16.502,-18.427,10.053,18.638,19.31,-0.82643,-14.245,32.192,50.087,-17.921,33.501,3.9185,19.872,27.112,26.086,16.62,4.0541,23.564,-67.054,37.33,20.306,35.301,-43.381,6.4643,-11.475,-22.131,-17.342,-38.199,18.668,-31.365
-45.546,-25.595,-24.209,-37.317,26.403,-10.43,21.453,-69.382,-39.476,34.821,47.968,-57.713,-24.398,20.692,-19.669,2.5634,-16.655,11.56,-12.106,37.006,2.7667,-14.413,-40.526,-15.839,7.5008,4.367,58.057,-13.919,11.894,-21.004,18.598,-41.188,12.303,23.383,-24.496,-33.644,14.848,-10.802,-20.255,4.6889,-3.4791,8.5977,42.434,-54.867,38.002,-5.5506,-13.11,-49.235,-3.0953,11.38,57.9,-9.0476,-26.81,-0.49474,21.09,46.977,15.617,21.755,14.728,-54.122,-11.214,19.268,-6.0753,-14.495,-19.157,36.746,-45.389,11.099,-31.709,-37.021,-1.0149,32.361,1.0051,51.343,51.602,-17.06,-10.917,8.1961,-13.368,-8.2447,34.485,12.425,47.357,-15.611,-2.5003,8.14,10.318,-31.161,-29.578,-24.656,21.718,13.691,-1.8808,-22.721,45.973,-11.417,-0.53298,-4.1862,13.329,-32.948
-19.357,49.433,32.944,37.032,17.558,1.7627,18.312,-49.438,-10.851,31.931,35.702,-71.991,-31.765,25.892,-18.568,18.461,-18.877,5.8836,30.118,33.563,0.6669,-23.205,-23.822,-7.2714,-4.3757,-6.8539,22.78,11.33,41.627,-32.405,-5.051,-61.182,52.042,-38.646,2.3461,-38.61,54.677,-24.695,-23.826,7.9476,1.4605,16.609,-23.001,-37.222,34.723,-22.442,42.195,-42.241,-46.522,87.478,27.062,-19.953,0.13979,-26.904,18.178,-21.173,5.2281,24.535,-18.711,-26.594,-12.998,10.099,-11.765,-31.583,-20.596,59.396,-10.018,15.528,-0.70296,-14.238,6.7566,16.503,-7.3804,21.543,38.761,-2.0278,-25.218,18.318,34.677,-19.142,-8.3638,6.8141,6.8238,0.46897,-4.1517,3.5525,4.9872,23.689,-18.335,10.853,21.333,56.165,-23.048,-4.1103,47.515,15.331,-3.24,-51.581,48.451,23.338
11.094,-9.4161,15.486,-29.321,39.843,-3.9388,-0.2431,-39.303,-40.007,0.19902,-3.8161,-57.749,15.216,1.2048,10.321,12.521,-28.188,0.68425,11.544,35.688,28.777,-1.1749,-3.1623,-4.4431,19.756,4.9756,-21.33,-24.257,1.3225,-8.8555,-37.393,-71.444,44.415,-2.3154,-27.743,-48.908,34.724,-22.242,9.1698,0.43484,-4.465,21.086,-5.3578,-34.752,11.111,-14.32,12.558,-21.898,-29.575,45.927,-26.12,24.328,10.195,-39.09,-17.676,-0.15875,29.571,28.32,-37.226,-40.834,17.005,24.544,-41.473,3.8798,-34.849,63.931,-14.041,1.1512,7.6255,-9.0586,-41.157,27.348,35.16,-11.018,-1.4732,0.09809,-12.645,15.501,-12.049,-18.13,49.906,31.261,34.033,3.8435,-19.747,-18.541,6.7602,-7.1432,-23.209,-0.29923,-9.5166,11.491,-6.8659,6.4555,16.877,-10.866,-32.569,37.114,33.334,35.323
35.825,-24.543,17.182,3.9152,-8.0451,-11.749,8.382,-11.698,-17.804,17.915,3.3018,-16.764,11.58,25.189,-12.18,20.597,-36.591,31.501,11.146,42.658,-9.8162,16.581,20.967,-31.465,10.323,-5.4582,-2.9677,28.748,13.811,8.2548,41.321,-20.937,37.758,26.471,-10.483,-11.003,9.563,-5.3986,-24.043,-16.895,-17.657,16.337,-4.6554,17.789,-12.222,-37.016,-9.3682,-30.333,-48.929,31.179,24.585,-17.081,13.592,-12.198,1.7221,32.251,24.107,-31.028,-8.8045,-28.57,2.0671,-8.5041,-3.4241,-40.052,11.027,22.837,-23.791,21.866,-2.7184,-14.482,-20.134,-25.181,33.128,-6.5109,5.4724,-6.1162,-9.5243,28.426,-23.108,-11.587,23.416,5.3512,18.13,-13.681,-3.7763,-12.428,-10.613,-6.5563,-13.897,-11.51,-3.3461,22.862,-2.8154,9.0725,-4.364,-9.0461,0.29302,18.742,2.9737,14.155
11.027,-1.0623,10.63,-3.9662,19.958,-32.146,-5.0722,-22.034,0.5705,53.049,34.254,-55.507,-3.3664,43.491,9.7369,-14.435,-33.459,-4.5846,-21.177,10.805,-23.383,-47.178,-28.476,-12.911,16.478,18.77,-0.70801,16.221,-29.919,0.73182,-12.468,-25.98,61.733,3.8067,-0.24476,-15.294,64.509,-62.77,-7.1573,10.912,-42.614,3.0086,3.8794,1.9623,18.022,-19.502,-22.291,-28.854,-51,59.115,36.91,-4.7361,-12.572,-21.342,-10.395,24.367,42.849,52.467,-10.123,-24.127,26.582,14.179,-41.937,11.796,-16.444,37.865,-33.878,28.962,-0.14177,-40.985,9.092,-22.103,-4.2776,31.762,29.102,-23.463,-63.335,26.048,28.808,-1.0876,1.2813,-1.9109,19.477,2.0029,-2.207,2.2217,-30.251,-34.596,-20.095,10.54,3.4558,70.623,-4.748,9.4604,17.491,7.1779,-4.6111,4.4703,8.311,-14.027
-7.7787,-0.55529,2.4033,-5.049,16.127,-28.712,-5.4825,-60.512,-3.437,-18.768,8.2707,-37.688,-0.02543,21.339,5.1552,13.21,-18.076,7.1913,10.927,59.466,-24.677,0.85765,7.23,-32.857,-5.9578,17.849,5.728,19.396,-5.1368,-0.16065,11.318,-18.621,20.398,-14.319,-1.7342,-50.538,54.823,-29.174,-30.676,-0.16174,-5.2785,25.386,-2.0849,-15.475,18.791,-19.165,46.123,-17.201,-19.925,75.087,24.398,7.8538,-13.427,-16.498,-33.831,19.263,-4.7512,-11.118,19.491,-2.2244,2.5812,0.25011,-41.617,-6.6707,-3.264,53.081,-16.232,43.583,-40.345,1.6021,-31.465,4.2659,14.219,-13.104,24.889,11.724,-24.051,19.916,-1.9872,-27.294,-4.2853,6.102,8.0111,10.672,63.024,14.354,10.668,-5.6785,-5.028,-6.9182,-19.62,28.34,-42.32,-16.569,-11.369,-8.9902,-22.964,10.988,3.474,14.065
-3.1101,-18.643,-10.075,-8.3478,34.424,5.1351,-39.748,-42.947,-24.07,38.734,35.276,-58.681,-29.572,1.1484,-1.8693,4.7416,0.40733,27.637,27.837,17.473,9.9868,-19.666,9.1748,1.026,6.7112,-14.369,26.439,2.0132,18.178,-65.89,8.0428,-50.417,53.103,-7.9628,-19.591,-22.892,62.998,-59.627,8.6536,19.123,-1.6391,39.271,21.497,-35.564,28.588,8.3415,-2.0732,-50.182,-37.406,40.779,31.213,-40.005,7.7993,-48.065,37.046,-13.051,57.822,15.062,14.539,-36.15,16.182,-0.33589,-16.149,-6.3618,-47.248,61.142,-30.057,5.5002,-19.171,-1.9096,28.312,-18.233,-3.2214,0.96891,34.613,6.0355,-4.7484,34.155,33.887,26.281,39.733,24.15,-5.221,-23.234,9.2859,21.787,-2.9022,-17.146,-34.401,-3.7728,0.26193,45.884,-36.828,-10.056,24.117,-4.9813,-29.997,-7.3537,-8.1972,-25.171
-31.275,35.533,-24.001,13.502,18.211,16.469,-4.4832,-0.75325,-8.6321,35.652,14.644,-27.476,-34.012,9.8887,21.028,10.073,-17.198,38.89,-0.86106,-18.109,3.0745,-9.8517,-34.091,5.0421,12.017,-9.6752,15.171,-32.867,34.647,-8.0315,16.5,-18.503,28.885,-18.016,-3.6523,-19.754,32.075,-18.096,-36.786,38.022,-10.522,31.51,-1.1165,10.692,33.43,-35.07,23.458,-29.783,-48.836,36.94,57.697,10.608,-9.9426,-7.1588,-35.726,-5.1752,12.827,25.294,22.594,-15.209,68.107,-13.594,7.3386,3.732,-21.043,38.142,-21.84,13.505,-30.272,-36.217,-10.058,20.379,-4.6079,37.47,18.132,-30.332,-43.324,27.391,13.668,28.899,21.559,26.37,45.687,22.182,-7.85,-21.5,26.486,-22.588,-50.044,41.81,-15.281,30.889,33.072,-12.817,33.372,-6.2825,-3.9355,-16.102,27.593,-2.2701
4.6541,0.68483,38.995,-7.8303,18.676,-19.596,15.663,-53.022,-18.148,-18.04,-1.9652,-19.196,47.888,-4.9512,-4.9597,22.424,-27.093,35.763,-19.868,-17.294,50.606,12.533,9.5791,21.927,39.955,-42.63,21.107,-8.8608,17.788,-3.0742,-26.19,-28.667,15.882,-14.318,-47.26,-19.576,36.743,-40.124,0.48073,24.438,-26.033,31.209,18.951,10.587,17.236,-12.403,21.505,-23.748,-5.3979,43.297,-15.703,-9.4602,17.839,-5.3262,31.688,-12.438,11.184,-8.5435,-21.483,-35.535,12.97,16.249,-5.6,-22.44,-37.726,4.3229,-3.6954,-22.332,10.849,-45.74,-20.208,-23.133,-6.2685,-14.38,2.5787,-6.5681,-3.3733,8.9123,22.169,7.6358,21.456,21.998,-11.208,-2.2831,27.753,55.046,21.446,11.622,-62.654,-13.27,-18.637,13.878,-21.625,24.61,-12.144,-3.6794,-51.922,21.08,-10.176,-14.925
5.6314,-7.2539,1.4935,7.6488,-11.831,16.605,22.715,-16.187,-27.532,42.704,48.349,-9.4094,-10.127,25.501,-14.664,-3.8492,6.0862,34.35,37.224,15.88,19.081,12.783,14.153,3.2601,21.787,1.1911,-0.74607,-1.145,16.906,-11.359,10.622,-43.359,24.747,-13.668,16.21,-2.2889,50.057,-31.238,-29.442,-4.6141,-11.853,17.323,-2.4422,16.425,0.58345,-22.975,-30.336,-19.099,-39.896,7.5656,-12.909,13.446,25.573,-29.608,6.5369,15.232,24.814,-1.5611,14.242,-47.555,12.638,35.924,-8.0037,2.2566,-2.3978,30.055,-26.916,30.163,-15.292,-23.355,1.0799,-10.468,22.823,9.7268,9.798,-14.709,2.6513,37.053,0.49668,2.8054,11.741,-16.199,16.476,-17.603,5.6509,16.008,-43.871,-47.378,-23.984,6.7795,9.8049,22.997,7.1041,-15.681,-2.4148,0.1122,5.3222,-7.9667,3.8251,-15.456
-48.201,27.456,11.158,30.693,4.6799,4.8153,6.0632,-16.475,-12.878,32.972,14.233,-30.222,-18.501,6.5125,-8.0882,-20.625,-34.872,21.654,-10.247,-17.373,-1.6714,-38.723,-38.012,10.275,31.037,-12.83,46.397,40.2,30.253,5.5264,9.6602,-56.084,26.032,-18.59,-18.005,6.3171,64.155,-62.789,-3.298,-29.289,-52.973,6.492,23.604,4.2343,27.021,-18.674,24.616,-55.838,-3.4632,49.268,34.249,-10.157,9.8727,-23.531,19.413,1.6246,39.368,8.0068,11.78,-44.746,40.574,19.997,-17.736,-4.6877,-57.818,23.569,-23.006,7.9334,20.135,-35.653,1.5614,-6.0861,-7.9436,-3.3114,52.79,-1.3468,-23.147,13.515,15.273,2.733,7.7148,23.218,-13.869,-30.837,24.722,18.192,8.466,4.7863,-49.957,7.3224,20.332,98.511,-14.865,-13.14,35.041,9.0742,-26.829,-29.76,17.72,-29.327
-3.887,39.183,-28.453,36.64,-4.2848,-22.499,25.759,-3.4491,-5.4131,47.569,40.359,-37.18,-22.881,9.0411,32.955,-18.664,-39.503,18.567,46.348,-0.1174,13.465,25.004,-37.547,-11.913,29.032,-31.36,13.828,3.0279,62.037,-27.228,-14.654,-32.308,48.557,3.2239,-9.0372,-20.057,16.253,1.6351,-4.4057,-31.223,-46.345,-3.5107,-8.5357,-12.955,-15.919,-20.494,12.092,-26.484,-38.512,43.2,19.312,-21.104,14.025,-7.4678,46.976,39.954,9.2292,-6.2184,-10.16,-26.042,12.711,-19.156,32.151,-16.406,-9.8233,34.825,15.371,18.748,4.5494,-14.112,-10.203,19.882,26.601,5.3816,31.388,28.077,-26.39,25.308,-13.67,-8.2401,27.902,25.917,41.793,12.374,-14.379,18.835,-9.5068,-11.748,-39.653,-3.9877,11.316,-0.92722,-63.541,-21.499,37.84,-0.94639,6.0981,10.31,23.04,-37.853
-1.0398,13.659,18.253,-10.022,40.316,-48.45,-9.9977,-40.774,22.113,62.371,46.505,-60.19,-11.361,-13.022,-13.219,27.359,-30.372,-17.995,1.2929,25.022,-30.085,-33.558,-10.629,-20.199,38.539,-25.779,-13.024,0.55526,94.322,-55.866,-0.048517,-53.103,0.70236,-33.182,-4.1916,-72.788,51.256,-14.798,-15.404,-9.258,-38.043,-36.266,30.993,-52.412,32.137,-51.457,-19.429,-32.363,-25.559,19.069,56.052,0.87605,9.0366,-0.61044,6.134,11.581,20.467,23.809,4.3119,28.55,12.263,-5.5358,12.574,-4.8309,-32.279,21.234,-9.1044,24.431,-26.763,-61.302,-18.116,-5.7999,-9.9474,46.683,42.064,13.513,-28.04,41.173,-2.5519,29.862,1.9621,10.411,52.928,3.2936,28.518,10.036,17.502,2.5793,-33.709,4.728,7.9752,20.064,-8.3471,2.4215,29.636,-3.0108,-45.492,-5.6001,29.533,-15.296
-10.786,-19.556,-3.2482,48.309,38.38,0.85553,16.677,-28.222,-33.555,50.546,1.4787,-49.048,9.3596,-2.1052,-34.57,28.804,-23.073,11.138,9.6595,14.241,-9.8058,-43.962,-26.889,1.7603,37.302,25.873,-2.8609,31.698,54.636,-17.049,1.0749,-26.703,37.283,-38.098,28.151,-31.819,20.31,-29.948,-16.727,-9.0043,18.071,25.117,8.3737,-12.002,35.756,-15.463,5.4395,-43.342,-29.149,51.824,56.278,16.421,1.7911,-43.186,-26.398,27.662,13.187,32.128,27.219,-38.187,22.325,11.008,-31.72,-29.599,-2.9438,39.855,-27.131,12.552,-1.5258,-43.635,-30.288,16.264,-5.1236,15.467,36.03,-36.921,-7.2451,4.0127,17.058,17.333,25.387,-11.786,31.076,-2.2864,7.4218,-29.44,-1.1791,3.9338,-7.5604,-3.3127,8.4775,51.252,30.904,-6.8213,46.562,18.042,-6.9449,-10.634,7.636,-2.1777
-6.6931,32.582,8.7358,-10.158,14.749,-29.25,12.897,-27.784,-30.184,10.948,18.117,3.6049,-16.766,6.6527,11.512,29.309,-45.103,-20.204,-0.043701,57.978,-24.111,-0.9809,-18.247,-2.3425,-42.182,-6.8616,-12.898,22.979,23.659,7.2973,5.8245,-34.569,3.7976,18.796,-35.858,-84.345,-2.2431,-9.8176,5.4987,-24.704,-10.036,4.6688,7.7431,-33.575,1.9429,-18.254,2.0477,3.5516,-2.4248,32.246,19.276,-3.9925,5.5351,-42.997,-3.3985,10.208,25.941,-34.106,-11.668,-40.029,-20.077,15.462,-34.068,-7.1658,-40.679,49.592,-52.124,56.545,-6.9115,-15.117,-27.862,-21.288,25.868,15.086,33.839,-20.639,7.7213,6.4325,-29.451,41.176,27.947,-18.687,7.1902,-1.6737,25.658,-4.0898,23.568,13.048,-1.9104,13.17,-14.029,40.768,1.5096,-9.8817,8.9469,2.8344,-10.56,28.566,30.365,28.68
9.9331,32.88,25.182,14.434,11.941,-64.103,1.1193,-21.029,-3.6821,20.924,26.135,-71.716,-12.503,10.876,18.502,21.484,-44.63,10.916,12.505,41.743,-14.841,-26.066,-28.28,-41.797,17.846,-26.677,44.968,-24.936,84.032,10.966,0.21649,-45.523,-1.9793,-34.476,-20.926,-50.462,6.2644,-29.991,-5.3877,-29.481,-21.862,-1.9551,31.551,-54.36,31.461,-56.949,49.777,-48.778,7.2281,57.069,69.318,-38.593,13.028,-38.165,15.017,-20.533,-5.8845,14.654,-6.6398,9.3132,2.5934,20.403,9.7184,-35.722,-51.166,51.679,13.205,18.688,-25.786,-62.44,-23.45,9.7751,-23.697,-5.2563,17.788,-26.934,-55.347,32.467,14.89,7.1152,15.206,25.975,11.16,15.296,34.444,32.796,42.253,-3.3982,-59.17,-0.96207,24.325,23.397,-28.947,42.542,40.908,-21.625,-33.054,-19.862,35.206,-6.1531
-18.748,18.036,-34.941,0.99456,1.7867,-21.272,-16.537,-39.153,-19.772,43.061,26.26,-75.873,-61.245,-11.82,13.715,-7.1769,-26.926,15.323,8.9009,31.976,-4.0325,-41.807,-20.338,-41.158,32.114,5.9508,46.205,20.104,28.135,-32.71,-0.5999,-71.796,27.691,-16.469,17.955,-41.941,69.432,-24.787,-0.58017,-15.207,-32.695,37.468,37.286,-89.096,45.299,-35.135,18.119,-40.418,-27.453,33.625,28.693,-48.564,-23.886,-49.668,17.289,16.893,38.275,39.33,-5.4578,-28.354,13.609,10.206,-15.738,-5.9498,-55.783,55.155,13.779,24.066,42.778,-18.311,3.7655,18.506,8.7928,38.885,38.901,12.77,-10.063,16.968,-15.956,-26.398,45.677,-9.0033,26.356,28.636,14.769,23.432,-16.372,16.094,-61.301,3.5953,13.76,61.023,-1.2708,-20.254,59.703,6.1784,-4.7835,-8.009,29.124,-10.279
-17.166,21.422,47.222,-0.28801,-12.352,-4.46,-11.698,-24.359,-29.52,22.554,20.319,-52.77,-19.652,8.8779,5.0287,10.976,-31.776,27.608,12.673,7.4977,12.042,-33.962,-11.398,2.1197,14.788,-36.164,28.325,4.2956,26.882,-13.335,6.9974,-48.3,8.4529,-34.187,-26.355,-29.699,47.959,-44.911,-29.781,-8.4144,-20.692,18.116,27.14,-49.786,44.073,-30.444,12.463,-20.839,-20.187,23.222,30.03,-35.187,29.355,-34.119,33.019,-21.942,4.4366,5.0683,-7.1693,-21.088,-11.225,13.708,6.2221,-28.893,-12.689,41.169,-11.652,12.089,-25.462,-39.076,-3.5534,16.105,4.4593,39.954,41.132,-6.3517,-23.313,62.791,20.542,-6.3454,4.5287,16.479,-1.4904,-19.274,35.056,26.527,12.001,-1.8231,-38.392,9.3581,17.754,33.066,0.99505,-14.797,-1.1121,21.873,-1.7121,-47.188,41.223,4.8879
-21.694,30.729,-10.034,5.7436,1.9986,-25.245,-41.048,-76.34,-16.442,40.057,12.117,-61.292,1.0538,27.936,18.204,15.013,-30.897,12.571,-9.1693,7.8869,-15.722,-20.715,4.1551,-42.314,41.082,-23.743,23.931,-32.497,7.8178,-14.244,-8.5412,-56.943,10.046,17.769,-26.708,-32.954,30.02,-47.558,-7.9643,26.671,3.0023,35.025,-9.6384,-31.116,10.809,-17.711,-15.983,-13.671,-37.64,37.47,63.77,-20.613,-20.748,9.6885,33.135,1.2239,5.1204,33.136,5.2806,-2.6767,-28.748,20.242,-14.69,-48.127,-24.55,39.569,-20.36,30.521,14.058,-58.983,-0.57433,-4.2375,-19.926,24.178,17.491,-40.787,-46.761,33.073,3.1855,11.554,8.7189,19.951,-8.2965,-2.7021,12.666,37.736,16.708,-47.459,-36.767,7.2533,8.4103,31.209,-16.653,10.277,12.456,-19.665,-28.829,-6.0582,22.564,-5.3984
-7.3683,19.618,-12.943,10.188,-11.375,-41.518,-8.9808,-23.561,-14.689,-11.956,-3.9886,-78.502,-33.535,11.648,41.684,7.2861,-24.396,5.2382,24.417,26.246,-40.023,-14.116,-20.276,-15.866,-28.992,1.4243,-3.7625,31.157,9.8396,4.1936,19.843,-33,11.339,-13.846,-50.03,-56.046,15.406,-20.581,-37.423,40.894,-28.158,8.7631,-10.871,-28.001,7.8852,-13.025,-15.595,5.3852,18.323,66.701,61.301,-34.649,-5.1643,15.363,-21.929,-6.4173,-23.381,39.16,-27.687,-14.043,-8.1084,-1.8125,10.491,-9.4238,-29.153,38.825,-28.171,23.414,5.8075,-10.065,-34.103,24.573,-7.7264,20.348,45.458,-21.753,5.727,35.738,-33.431,26.505,3.026,9.4516,25.278,1.7559,20.621,9.5003,18.757,-10.27,6.5472,-6.3742,-12.051,-1.0259,-32.769,2.1548,40.438,6.9711,-9.539,-2.6058,0.2579,29.021
-45.771,12.208,-20.151,-29.139,17.784,-19.707,-31.736,-38.859,-2.8113,3.2836,25.806,-66.781,-4.5953,-4.8346,11.015,62.111,-19.882,27.217,15.856,18.597,23.031,7.498,-40.568,-2.2516,44.232,23.404,6.3704,12.946,5.5356,-16.43,-4.1876,-55.587,30.632,-7.5367,-5.0726,-13.997,39.963,-19.272,-2.0288,5.4137,-33.484,-25.059,16.199,-63.263,29.006,-22.352,-3.6792,-29.01,-15.529,21.285,43.842,-25.617,-30.064,3.4218,23.157,9.3317,33.548,31.794,10.011,-23.518,16.58,12.94,-3.1745,-13.065,-4.33,45.734,-14.755,2.9088,-28.46,-40.044,33.802,42.344,30.777,7.1018,44.078,9.297,-29.356,60.894,16.128,4.0918,10.288,1.4982,30.705,21.832,11.665,36.829,0.083461,-16.052,2.4982,-21.42,-5.6941,40.178,-2.0748,11.175,5.4393,-18.636,-48.697,-25.441,-21.064,-22.537
2.9906,-10.919,-15.736,40.531,6.821,37.421,-48.3,-37.746,-32.92,-18.481,9.3304,-17.439,-42.161,45.362,-5.0676,-33.443,-6.274,20.654,41.945,5.1251,10.912,7.6811,-10.184,-15.36,59.437,-16.227,43.777,-3.7511,-16.116,-47.003,-45.457,-29.577,32.92,12.544,2.193,37.509,11.518,-53.982,-0.54434,22.607,-3.7573,47.3,31.998,10.138,20.685,16.773,3.8045,-19.979,-62.2,46.98,-11.35,17.106,36.078,-18.516,45.025,21.808,-19.045,25.031,-22.394,-9.3176,15.383,47.816,-23.946,-15.187,-7.1792,22.797,24.262,14.234,-1.0045,3.9556,-12.431,3.9636,-13.969,-47.528,-51.457,-12.151,-27.921,22.118,9.2835,18.121,-7.2128,9.8662,7.4213,-20.079,28,2.1187,-12.205,-8.297,-61.283,4.39,-30.702,-8.7838,10.918,-10.416,-49.406,-20.837,-28.753,12.663,24.884,-6.7456
14.776,32.927,0.62513,-28.968,-21.54,12.165,-44.014,-36.777,-26.795,5.5703,51.772,-32.872,-31.047,38.661,23.53,11.244,-52.171,-21.524,19.459,38.092,13.64,-35.526,-5.1626,-18.738,16.669,-38.96,12.113,0.31684,40.956,-23.621,3.3298,-95.16,28.529,-8.7771,-21.936,-38.167,46.047,-49.083,-23.1,-26.699,-34.094,-3.2502,16.33,-25.283,-16.564,2.0768,-18.919,-35.881,-33.954,36.537,18.304,6.1148,24.026,-26.363,4.5077,14.09,8.4195,0.25981,-21.579,-18.579,25.767,45.489,-38.978,4.0383,-49.944,46.122,-7.7257,31.097,3.1112,-37.449,9.7317,6.9144,22.418,33.359,29.648,-24.276,-10.046,36.393,-1.0455,14.015,12.078,20.876,9.3768,5.8151,-7.6099,-22.042,-9.278,11.751,-21.828,19.886,36.533,46.202,-9.2924,12.111,51.825,6.0978,-11.709,8.6295,19.281,37.9
-2.8668,23.249,11.589,16.786,13.991,-29.059,4.6885,-41.348,-12.046,1.8935,14.618,-34.102,-8.1624,45.687,46.917,-20.604,8.3167,0.5145,32.25,46.236,-23.244,-25.675,12.2,-22.742,5.636,-2.3193,17.526,-7.3856,-19.427,-28.287,8.8833,-50.191,37.856,-1.0162,-41.833,-41.884,45.313,-56.385,-42.626,17.819,-5.1402,42.055,41.681,-3.4458,40.467,-32.679,27.707,-27.478,-43.851,86.823,49.494,21.217,21.885,-7.1662,-0.029408,6.3335,25.586,5.9986,12.704,-28.361,33.622,3.48,-11.654,-22.135,-46.737,51.415,-22.403,32.222,-18.605,-11.659,-44.805,-3.4156,-30.711,16.725,11.345,-4.7838,-22.978,16.651,30.181,-4.2502,25.105,-9.3129,34.597,9.85,12.389,12.423,-12.435,15.019,-36.285,-18.569,-6.3054,8.5243,-14.587,-5.2496,16.463,-6.4252,-9.201,-0.26831,-13.495,20.803
8.7995,28.155,-30.523,-6.3791,-16.371,-46.849,-33.701,-12.249,-12.285,-25.195,11.572,-60.276,-35.485,27.612,45.17,-9.5071,-48.687,29.357,0.51493,39.838,14.165,-28.956,-38.612,-25.947,36.255,-13.74,32.112,0.22225,0.49939,24.253,-23.362,-58.621,-10.894,-8.145,-26.927,-55.774,27.034,-26.076,-7.3798,32.997,-25.915,52.294,1.9892,-47.555,26.725,-10.82,38.822,-33.808,-14.456,42.11,26.298,14.862,9.6938,-26.819,27.409,10.007,-0.81558,37.809,-32.654,-4.6181,15.324,41.773,-37.742,-22.619,-61.603,15.721,9.0055,-2.3599,7.6344,-38.2,4.8231,25.818,-3.21,12.852,-4.6029,-36.368,-31.989,30.109,-16.5,-4.1458,28.843,37.298,8.5881,26.137,39.002,5.8224,34.734,17.85,-34.622,22.435,13.112,64.262,-14.937,25.963,14.542,39.587,-18.379,-4.4364,-5.685,5.0399
-27.905,-2.9077,-41.057,-11.086,26.453,-16.378,-28.093,-39.651,-15.871,42.945,76.965,-83.838,-19.585,21.942,24.938,-15.881,-49.328,5.2076,-7.6835,33.751,14.11,-18.409,-17.158,-5.7077,-0.59838,0.88873,19.525,-28.675,31.294,-17.648,-19.977,-33.978,50.433,-46.339,-26.682,-30.974,75.47,-70.381,9.4111,15.078,-8.716,42.516,21.968,-24.695,38.064,-20.898,-5.4789,-35.5,-105.74,77.363,-4.6,-25.362,19.151,-59.686,-22.925,33.467,10.499,25.307,-26.038,-10.901,1.4091,3.4316,-31.158,15.837,-53.304,58.062,9.9215,-4.4371,0.48581,-15.861,-22.158,7.6027,-24.288,49.368,14.638,-19.204,-20.864,29.095,-18.027,-27.842,25.772,43.312,36.743,4.9109,50.565,-18.958,-5.8949,32.584,-41.698,-27.71,-11.035,23.783,-10.143,-8.1943,10.658,-16.123,-36.42,8.7565,31.636,9.1013
-19.356,9.8052,22.781,-7.5382,0.23105,-4.9859,-27.961,-14.853,-20.633,8.9526,13.083,-7.6507,3.8853,8.457,13.349,-22.013,2.2937,21.413,-5.6431,17.342,32.277,-6.0516,10.615,-1.9222,37.582,-32.382,14.073,-19.659,11.798,-24.001,-6.9926,-76.052,40.223,-9.7217,-23.392,-19.629,32.081,-14.852,2.2122,-6.0204,-21.701,42.365,16.551,-12.115,17.566,1.2474,-10.409,-12.381,-24.987,42.198,-9.5791,19.007,24.541,-21.943,28.862,-13.189,11.187,11.177,-33.213,-27.311,12.877,19.981,-41.903,-5.296,-43.199,17.642,-21.472,10.981,-12.428,-14.337,-36.092,-31.336,32.205,-8.5393,-0.4747,8.6426,-41.298,4.4075,12.448,-12.053,11.814,32.983,11.151,-3.1001,-4.4489,-15.789,3.9802,-7.8609,-71.052,37.504,3.859,19.076,-26.273,9.2532,12.668,-23.113,-48.152,21.955,5.9712,-4.7538
-0.45558,32.626,-23.679,-9.2577,6.5866,-8.9283,-9.9339,1.0396,1.1954,48.021,21.485,-56.282,-45.971,29.808,-6.932,-21.654,-11.592,2.1678,-0.97362,5.3408,6.5309,-5.8874,-26.095,18.689,-43.283,-56.296,14.664,-28.175,13.871,-42.275,7.5823,-48.759,-10.112,-19.546,-33.623,-44.169,24.585,-55.742,2.6983,-13.843,-20.487,-6.929,-0.97931,-24.234,-3.0155,-7.3639,3.1559,-24.253,-28.184,27.603,-3.1342,-8.4658,3.1682,-5.1762,-19.035,-17.851,-55.348,-39.076,-21.629,-36.485,-0.82975,19.523,-14.149,-28.049,-4.4184,34.84,12.322,4.0544,-34.595,7.3135,-26.739,16.048,5.4251,22.01,64.244,-3.0361,-24.256,25.344,13.035,10.061,-44.067,17.62,6.5701,-32.542,30.172,-14.356,50.922,20.796,-17.727,9.8076,-2.4693,32.614,11.045,-7.6414,-24.81,-2.3269,-8.9759,-13.589,59.963,12.481
-17.692,23.501,-18.444,21.761,6.896,9.4825,-29.384,-23.762,-10.343,40.77,34.553,-30.172,2.0991,32.827,0.65576,-0.12263,19.93,3.538,24.991,45.243,5.4229,-11.505,-42.268,-13.315,32.021,12.417,8.2994,5.8326,44.787,3.5954,-28.21,-78.416,33.249,7.1302,-37.895,-56.432,62.634,-30.692,-21.782,-24.908,-7.8387,-2.9408,-2.73,-59.934,-12.403,-12.077,23.954,-31.896,-23.439,47.52,2.6799,9.4364,-4.8275,-7.3171,25.58,17.775,26.233,36.31,-1.8174,-26.14,17.333,-6.2959,-32.063,-5.8603,-6.0649,33.617,-13.266,30.015,-6.1555,-30.873,-21.222,-3.8255,6.7321,-12.492,10.006,6.1309,-40.254,27.138,10.114,-9.3299,18.65,19.282,34.818,-24.364,-3.4419,-12.062,25.665,-36.15,-38.574,62.627,-4.2451,42.283,-9.8401,-19.712,20.156,26.007,-11.633,-18.628,19.897,14.393
-31.124,-17.502,30.301,-5.8456,-22.044,-13.05,-1.9191,-21.551,-14.525,4.5597,38.233,-24.867,3.522,37.387,-1.2553,19.975,-33.424,0.27782,-0.57216,5.7215,-1.8291,-12.004,-0.014487,-25.327,43.798,12.136,22.626,-8.7389,-0.57908,-10.644,-10.833,-40.02,4.8499,-29.04,-13.468,-15.807,57.424,-16.719,-34.799,-15.274,2.8886,-1.647,32.81,-28.232,45.913,8.107,25.481,-32.416,-24.097,77.746,24.025,-15.904,16.534,-16.311,-14.778,3.5126,35.856,-2.3445,19.605,-5.7263,-12.75,-13.555,-20.738,-12.682,-33.382,38.759,-38.625,22.244,-22.616,-41.133,1.7996,-20.269,4.3187,7.4899,-27.436,-2.202,-32.236,7.3033,2.42,-12.209,25.533,-8.1997,33.349,8.5155,31.319,12.399,-9.9289,-12.297,-19.55,9.5847,13.188,20.301,-13.847,60.897,-3.9399,38.019,-19.821,3.567,-3.9428,9.7441
25.521,-8.681,7.4865,-13.365,36.525,5.8958,-25.291,-56.082,-25.927,3.0418,69.428,-72.811,-21.918,10.963,26.255,-9.1123,-17.161,13.668,9.7919,50.623,-9.6993,-0.54501,4.7433,-1.3339,-0.26906,6.9121,21.233,-10.287,32.593,-11.667,-37.238,-66.03,34.63,-25.403,-18.994,-59.018,39.343,-57.849,-5.488,11.19,-23.268,27.542,-1.168,-14.782,22.998,10.874,-7.4457,-30.21,3.468,60.923,2.6835,-22.761,13.909,-54.754,1.047,10.43,35.698,35.823,-12.685,-59.386,26.172,48.073,-8.7517,-20.7,-53.444,72.114,16.393,-6.3909,2.3601,-28.73,38.457,11.527,-0.089821,31.657,26.837,-16.641,4.6726,31.685,-0.84104,13.252,24.631,23.48,8.6044,3.0387,14.71,36.642,47.88,11.516,-44.837,18.185,-0.08835,47.825,-12.403,28.943,10.891,-16.521,-10.938,-4.3523,-1.641,-19.795
-2.1365,13.912,-42.496,17.722,21.399,11.78,-19.613,-35.017,-7.0617,-11.052,16.233,-80.348,-37.481,3.7431,-12.111,-14.372,-18.843,23.921,5.8545,32.855,30.283,-8.5127,-23.589,-25.862,23.538,-3.0597,28.13,-12.532,1.5676,5.0304,-38.486,-29.081,27.304,28.006,-22.159,6.6094,44.35,-61.829,-42.053,14.126,-52.437,49.382,12.907,-13.668,17.849,-12.15,16.539,-34.664,-22.148,74.321,30.085,-8.4118,-15.578,-15.749,-2.0975,6.589,8.4564,21.249,-10.381,-22.29,40.703,-5.5127,-34.784,-18.607,-37.598,20.026,-23.166,0.56999,3.341,-26.266,27.651,8.6145,-10.943,8.1392,23.523,6.0301,-55.25,46.344,27.674,-26.363,28.048,40.13,-3.4539,38.427,-0.073703,-17.23,-13.703,-10.06,-25.253,21.143,2.7987,74.618,1.0678,25.721,-0.36038,-27.107,6.0176,-1.8519,5.5205,-18.938
-10.316,25.785,8.8646,3.0782,10.987,-15.203,-47.906,-10.641,-35.928,14.089,43.896,-74.792,3.5672,29.094,20.186,-2.6599,-69.461,27.62,12.784,8.2212,-15.288,-31.91,-23.205,-22.289,26.317,-30.649,6.6452,22.931,55.36,5.0195,-18.337,-54.848,70.184,-15.739,-9.2125,-50.517,71.065,-9.448,-24.032,17.902,-1.421,15.506,60.228,-69.848,18.963,-17.742,9.8473,2.716,-28.091,40.317,28.801,-9.8175,25.431,-38.999,-3.2843,4.4625,38.872,27.921,19.907,45.881,22.101,-13.494,-12.061,33.036,-24.307,36.445,-42.524,-21.994,-37.663,-35.447,15.906,26.298,18.132,-12.929,46.756,20.535,-31.52,38.471,46.002,0.13274,39.123,-14.817,31.614,6.0818,3.4939,-6.8888,-3.3533,10.365,-44.247,-22.687,36.456,12.815,-10.42,8.0644,33.514,-34.992,39.57,-32.937,21.679,-6.488
-29.035,25.382,-17.578,-2.2439,39.895,-35.794,-20.181,-68.592,-41.337,44.091,23.53,-37.398,-37.864,6.7825,32.974,24.288,-45.219,23.062,29.221,6.0599,-8.2687,-36.68,-27.811,-31.348,-0.88093,-0.20117,55.509,-17.496,42.037,-11.836,-29.072,-91.405,50.074,-9.668,0.73723,-61.497,58.226,-24.055,3.662,-24.683,10.082,6.4487,46.83,-52.784,34.291,-33.181,55.752,-40.77,-24.578,59.285,4.0036,-39.861,1.1316,1.3284,10.435,9.8911,43.576,31.703,-8.7152,-16.354,4.961,21.218,-35.043,-37.653,-23.178,67.043,-21.829,9.4309,13.977,-38.785,-0.12744,38.402,-33.208,0.62161,47.677,-10.541,-30.412,24.362,-31.869,9.3774,37.891,27.197,-6.668,23.27,-2.4692,33.84,12.063,-4.0701,-27.687,0.88581,-22.174,59.682,-50.675,1.2201,57.209,18.207,-42.943,-48.025,35.727,19.521
-20.49,-5.5615,15.75,14.963,45.32,-27.355,21.407,-21.153,-24.54,2.6848,15.759,-56.81,-27.963,6.5797,-18.382,-21.098,-47.062,-11.893,-14.242,49.29,21.886,-77.489,-16.202,-3.3498,42.824,6.9818,12.118,-21.772,13.594,-44.683,-24.268,-49.891,-4.7858,-32.661,-37.57,-34.599,59.413,-9.1905,-29.681,45.584,-13.241,31.568,37.357,-45.286,37.935,-1.1404,14.325,-40.517,-26.756,72.107,56.017,63.234,44.602,-21.827,30.737,-4.7396,10.96,32.494,-26.036,-19.94,11.502,16.148,-28.428,-32.492,-28.811,27.753,-38.309,32.338,-34.182,-13.982,-10.697,-18.979,-10.697,6.4297,-0.87352,-39.209,-70.049,-10.402,13.305,17.075,0.4597,13.489,-0.98976,27.007,-15.688,-8.311,-2.05,-15.761,-42.304,18.774,12.387,62.326,-10.661,-24.573,28.424,-26.217,-31.43,29.584,2.7021,-44.666
-2.7713,-19.307,-40.173,14.099,-10.592,-24.182,-6.6082,11.835,-15.025,-2.9014,-12.593,-43.262,-7.1397,0.57198,-15.886,-14.658,4.174,15.502,-12.355,6.2608,31.633,-44.983,-14.611,-15.378,9.6455,15.396,4.2137,12.752,13.288,-33.149,46.158,-34.424,7.1749,-21.139,12.541,-25.066,36.373,-1.6748,-34.624,-26.046,-16.858,-7.7485,52.977,-23.479,12.453,-14.173,22.719,-53.926,-19.021,43.693,58.749,-3.0505,17.314,3.8803,-12.669,-1.3406,-0.85728,7.5285,-24.737,-16.335,28.541,-14.702,-18.197,-25.268,-10.759,5.9602,-58.482,16.273,-4.3524,11.313,-16.991,-17.794,20.336,-12.439,28.636,-4.0894,-1.7074,-6.7456,27.907,-34.479,40.861,12.571,31.332,-11.629,4.2834,-15.259,-25.033,18.439,-46.075,-4.3441,-2.1955,22.619,-0.61953,-2.87,5.0883,18.492,21.287,-10.218,10.417,-21.644
10.901,-16.91,28.593,-19.993,18.024,-4.2135,-23.857,12.448,-19.875,11.783,-7.7619,-39.595,-5.2315,1.0181,1.9934,1.6895,-46.221,18.543,-0.70177,19.722,-25.204,-56.646,5.0908,7.5102,22.536,-17.048,28.322,27.818,-19.165,-24.646,11.711,-41.34,-1.7075,-18.368,-15.884,-37.301,20.531,-30.401,-1.788,-1.2642,-19.797,62.267,1.972,-6.1723,39.724,-10.166,10.507,-8.7238,18.382,51.453,15.849,-9.7279,6.5489,-34.135,15.558,-46.717,14.285,-17.346,-6.9612,-1.3908,-12.335,6.1876,-49.134,-24.014,1.0712,36.095,-23.77,-3.1768,7.7488,-12.848,-11.782,-9.4843,0.16092,-34.945,16.213,-1.7598,-17.995,25.823,31.042,2.2468,-21.44,35.436,8.2136,2.5312,45.06,31.45,46.143,-15.674,-50.454,25.864,-21.288,46.231,6.9239,10.505,-4.184,-3.42,-33.528,13.814,-4.9373,6.3276
-23.71,37.298,4.0033,16.825,-10.914,-43.898,-36.568,-28.329,0.57131,-7.1629,17.161,-17.575,-3.4494,28.315,37.885,-15.687,16.039,4.4073,-13.636,49.782,-12.406,-5.9906,-35.428,2.0339,17.437,-31.831,25.493,20.178,18.308,-6.0525,-1.3969,-67.003,-0.33639,-24.315,12.973,-54.666,35.566,-36.547,17.997,24.228,-6.0462,-6.9892,45.298,-67.583,13.813,-33.171,25.124,6.407,-15.298,27.567,32.303,2.9189,21.155,-17.122,15.723,-24.239,-18.071,-1.4559,-14.923,-24.656,-7.7261,-3.3972,-37.846,-39.881,-45.3,27.102,4.789,50.862,-3.7702,-31.671,-6.83,-11.442,0.24513,21.621,20.838,-16.278,-35.782,16.761,24.372,-4.5217,-3.3397,-12.856,-34.906,-8.4758,50.38,2.19,31.705,2.852,-23.659,15.777,3.9732,26.969,20.054,-10.93,-2.7897,-13.139,14.503,12.362,23.229,21.171
18.19,-7.9203,-10.752,9.4267,20.965,11.675,2.831,16.728,-5.5628,25.448,19.921,-28.352,6.3424,15.341,1.1393,-31.984,-15.559,14.795,20.509,35.579,-23.922,-54.199,14.992,-24.163,17.342,-15.323,19.78,21.346,17.41,-23.233,-10.234,-29.979,3.506,9.4741,-27.695,-15.613,48.463,-31.118,-62.154,-20.154,-14.885,27.135,29.551,-35.296,-24.477,-11.927,15.033,-31.4,-11.099,24.422,34.209,1.7423,37.2,-16.219,5.9856,20.909,8.4925,7.2716,47.959,-12.898,10.953,1.0139,16.15,-21.091,-15.176,26.06,-13.949,33.368,6.398,-10.815,10.112,-0.35854,8.2652,10.922,20.864,34.93,-15.89,1.363,22.428,-6.0426,5.671,33.331,6.1628,12.869,2.3992,0.88607,3.3736,-15.758,-34.63,18.752,-2.6845,35.42,-2.6998,-40.332,11.59,-9.7369,-37.752,30.6,7.0571,-7.6989
-27.123,38.456,-18.014,8.5041,-1.8544,20.08,-17.437,-8.201,15.294,-12.42,19.008,-38.873,-42.433,5.4179,-15.273,1.1731,-18.289,-9.1049,21.784,12.208,46.386,-24.934,-4.7917,-14.799,-3.1001,-41.503,63.157,5.6778,18.167,-3.1809,-14.432,-43.829,6.959,-1.8212,-43.128,-64.893,49.079,-52.461,-12.431,14.593,-11.147,17.823,11.789,-40.794,0.36808,-1.7662,-32.7,-17.428,-48.682,22.617,1.3525,8.1405,41.289,47.352,45.355,23.113,-24.214,1.0864,-50.895,0.25978,3.9795,44.967,10.239,-31.613,-12.722,42.787,-11.95,7.8258,-20.895,-15.554,-21.365,30.224,42.705,11.652,55.668,-14.202,-24.275,52.495,22.052,36.626,-23.08,50.08,0.26719,-8.0522,14.856,-8.8984,38.831,2.1866,-74.684,28.627,7.8516,59.301,-18.34,-17.578,-5.459,22.83,-35.442,-8.6776,33.074,-24.427
16.947,13.024,15.199,-18.508,50.259,-3.7895,-7.9575,-47.208,-2.1693,10.399,19.089,-11.882,-14.765,-30.705,11.244,-16.241,-18.168,10.931,16.924,20.573,26.942,8.2225,-0.84502,12.923,-9.9812,-20.069,12.203,-9.7811,33.51,-17.316,-0.89541,-33.099,16.868,6.5664,-8.9488,-54.151,27.072,-33.751,-2.7633,-0.08062,-11.461,54.429,-16.221,8.2608,9.6729,-17.228,0.90777,2.8273,-36.46,24.657,-6.8151,18.693,-4.4646,-22.378,8.1623,-15.721,-14.528,-1.9047,-49.78,-30.191,8.1106,20.815,-40.648,-4.9393,-43.486,39.521,-26.955,31.249,-2.7916,-5.9164,-14.248,-8.8998,13.651,10.162,18.639,-23.542,10.27,54.819,35.873,-26.648,34.956,7.4492,-9.2354,-18.078,-14.304,20.897,19.914,-1.2711,-34.533,11.523,-4.6242,33.72,-9.8204,1.9576,-33.318,-20.456,46.68,-26.347,7.2496,5.4382
18.676,-12.676,-1.1818,6.1312,16.117,-11.031,-16.208,-20.103,-30.955,1.7685,-5.6631,-86.114,-31.54,-5.5931,2.4467,-0.41955,-13.002,48.779,40.87,34.705,-21.942,-36.491,4.9776,-16.941,-13.483,-31.303,24.951,5.7493,-7.1791,-42.144,4.5517,-73.704,14.268,13.636,-36.771,-24.322,47.925,-27.043,-77.316,16.68,-3.3295,20.395,27.33,-57.215,38.235,-24.025,23.176,-49.927,-28.024,51.914,9.3686,-37.944,10.337,-11.162,-3.089,0.89373,12.553,10.614,-5.782,2.4985,11.908,20.22,0.71548,21.907,-30.797,47.048,4.3449,25.031,24.631,16.143,10.665,-15.9,-0.84027,-4.0785,31.626,14.982,-11.352,54.789,18.212,0.34578,18.793,24.752,-0.699,22.336,2.7962,4.8112,3.7227,-28.144,-17.572,2.9297,-10.453,27.88,-2.3935,-22.33,30.858,-34.729,13.135,-20.432,42.093,12.793
-10.19,7.687,11.379,10.044,-17.098,-2.6738,-6.5151,-52.704,-53.845,25.131,14.584,-51.479,-14.157,-9.5252,-1.7425,11.048,-44.356,24.063,16.263,13.813,2.5352,-24.83,-10.771,8.491,50.082,-23.469,25.821,-11.492,23.929,-17.708,-3.8656,-72.001,0.64447,-10.58,-27.239,0.01462,56.127,-37.315,14.419,6.3909,-30.379,15.494,21.54,-12.201,13.533,-27.274,4.6225,-37.312,-10.721,51.709,44.061,-35.877,43.305,-7.1815,23.027,-12.672,53.392,18.3,7.9529,-30.286,-17.859,-15.38,3.9486,-26.991,-40.589,35.818,-42.345,29.963,-7.0374,-53.717,-8.4485,8.2014,-12.089,5.7537,16.915,-14.224,-14.903,2.8928,13.659,17.747,53.873,9.2087,22.624,14.007,-18.668,18.877,-9.958,-13.206,-46.418,26.718,21.088,33.107,-33.362,16.209,22.963,3.9568,-0.035177,4.5954,26.829,-28.01
10.19,23.977,9.4569,28.644,-15.603,-37.722,-9.7555,-26.117,-28.693,8.6503,26.338,-20.15,-13.809,0.49549,30.906,-13.417,-9.7024,2.9554,36.248,70.017,-33.406,-10.614,-38.253,-3.1226,-22.815,-36.256,17.107,31.711,68.689,-23.967,-9.0153,-43.126,5.6011,-19.411,-16.419,-63.717,-7.0325,-18.746,-1.3823,-34.052,-28.888,-34.921,45.265,-35.701,-0.86671,-32.161,31.544,-28.507,11.561,57.197,11.291,-21.08,31.494,-21.144,14.236,7.3158,-26.992,3.6214,-11.637,-34.162,-20.34,14.704,-9.0104,-10.208,-56.671,50.883,30.614,46.912,-16.383,0.50774,-1.8288,-19.716,-30.067,45.059,22.647,0.61432,1.4736,38.993,-20.644,22.811,-2.3283,6.7092,-23.494,27.88,53.941,0.19943,37.568,13.845,-6.9884,-5.3529,-12.096,-8.6622,-36.978,4.885,12.355,2.5855,-22.577,-15.055,39.44,10.68
-13.753,17.63,24.784,25.307,-15.173,19.171,12.177,-45.446,-30.642,-37.451,36.952,-32.368,-17.19,20.458,18.298,30.359,-43.501,43.149,37.453,52.726,10.011,10.409,-16.434,-62.985,36.13,-5.255,24.375,-6.1573,22.474,-2.7196,-9.7878,-29.063,41.172,12.155,-17.449,-46.94,45.688,-14.586,-37.595,18.002,0.91711,36.714,20.614,-61.779,24.759,1.0665,10.038,-60.14,-23.039,59.102,35.834,3.7669,44.524,-35.2,43.508,-10.602,27.329,6.4457,-12.171,2.3263,2.2474,8.6756,-2.5709,-47.39,-39.202,37.176,8.8981,11.178,-7.7248,-27.872,-12.908,54.032,33.278,-4.1042,4.9416,-22.274,-50.381,39.824,-23.365,-1.4342,25.85,1.9802,4.541,39.399,32.201,31.938,-23.885,1.1437,-40.905,-6.859,6.0127,35.53,7.4156,-6.2703,15.8,-1.2627,-18.314,27.135,14.66,28.623
-2.9737,-6.8348,-0.66343,32.837,18.949,-6.6133,34.712,-38.565,-32.938,38.884,48.172,-57.702,23.751,18.733,-6.9005,23.456,-37.578,2,-8.0199,-6.3197,22.807,-6.3379,4.411,-21.778,51.325,-19.848,41.995,6.2722,28.82,-51.324,-35.133,-8.3192,39.054,1.7984,-22.226,-22.339,31.999,-11.708,0.27954,40.49,-20.111,31.048,24.554,-7.4551,-11.273,-18.18,-38.014,-14.405,-28.135,35.211,35.482,-13.793,48.145,-22.843,21.053,43.125,39.593,2.9985,12.911,-19.229,-9.9921,2.2102,-27.942,-28.393,-23.105,27.552,-49.031,4.2956,10.219,-64.405,-20.822,40.518,34.744,32.831,32.943,5.1459,-20.896,17.716,23.285,12.697,57.296,9.7538,29.133,11.709,-0.95355,-9.2877,17.247,-23.326,-66.063,-3.6489,23.058,15.891,8.1942,-20.696,4.2153,-25.571,-7.9329,27.681,48.797,-31.862
-17.666,27.888,43.275,42.188,-8.5475,14.943,6.4104,-50.99,-33.792,-7.4257,39.229,-28.279,8.4958,25.643,6.7293,31.345,-26.012,33.544,-7.2612,49.344,5.0999,9.2576,-21.091,-25.513,27.734,-31.801,-0.85242,-6.3485,19.615,-30.732,7.4969,-42.058,11.965,-10.925,14.471,-32.565,74.185,-19.114,-13.672,17.198,-6.4075,40.454,27.4,-46.25,23.626,8.6082,-6.4484,-33.718,-23.312,43.739,49.436,-7.7677,17.317,-63.291,-18.019,-4.7104,22.667,-6.1926,11.583,1.0224,-2.0892,-14.911,11.914,-27.237,-46.887,41.619,-22.625,32.994,1.2201,-46.991,-5.0758,28.649,1.9224,2.9056,12.201,-9.1509,-38.387,26.11,22.18,36.168,47.623,-6.8115,24.582,32.633,56.514,10.23,8.489,-3.7568,-43.493,28.268,4.6793,5.4366,4.0603,6.0079,0.47148,5.5798,-1.2048,37.593,36.26,20.375
-2.8986,-7.5973,13.335,-36.42,7.0226,8.5744,21.917,-9.0723,-18.849,-2.9914,5.0786,-42.405,-28.02,20.834,2.9117,21.281,-43.297,-13.333,14.832,32.832,-3.0009,-20.86,16.699,3.2775,17.911,13.056,-27.122,-2.4966,23.068,-4.5442,16.598,-58.428,18.729,-28.144,-44.889,-81.312,11.227,-35.276,-28.955,-1.389,-65.034,-7.3415,-8.2552,-3.7313,14.446,2.6717,-15.544,-22.517,-26.788,66.847,32.779,18.31,11.459,0.87234,-10.847,7.0467,-0.018514,18.552,-18.117,-59.529,6.5208,-3.1944,-22.663,-32.374,-24.324,41.634,-1.9873,7.6046,-2.3891,-19.042,-15.926,-2.6115,35.349,24.156,42.974,-1.0482,-3.9575,10.256,-10.51,1.9449,4.6298,-3.1928,52.495,26.509,1.5852,-2.541,-30.631,-13.404,-9.9434,2.4136,0.65346,26.39,-7.893,-4.2167,41.23,13.625,-27.58,25.186,-34.385,41.408
-13.244,17.311,20.009,37.409,40.534,-11.7,-5.0349,-15.853,-36.147,7.1061,40.058,-93.595,6.9563,66.839,19.038,40.365,-41.344,14.518,32.127,46.325,-23.533,-30.582,1.9441,-8.6303,21.134,-2.3676,19.067,0.069449,40.654,-4.9591,-28.984,-36.358,57.154,-2.3193,0.87012,-83.257,52.548,-43.36,-21.286,29.631,-14.843,38.523,12.425,-9.0509,16.506,-39.118,-25.242,-18.107,-13.621,83.688,30.825,22.251,43.447,-59.639,-6.2219,35.657,13.719,7.0438,21.07,-10.355,-16.463,19.101,-27.15,-41.945,-67.868,24.79,-8.5608,19.875,-12.485,-50.462,-2.0324,29.777,-3.77,15.799,65.797,-29.887,-58.11,24.968,-9.9748,6.0158,-15.529,-10.328,28.396,15.902,40.447,-3.3328,23.162,28.294,-26.641,-11.114,22.236,47.057,24.432,-15.672,-4.1081,1.2578,-28.907,14.331,44.976,-2.0121
-3.8335,-5.6868,-16.328,-22.608,13.623,-2.016,-27.211,-10.057,-46.68,25.489,35.256,-40.565,-19.663,33.152,15.415,28.674,5.3513,24.962,39.869,43.116,-5.2482,-29.524,-30.519,-53.49,-4.7755,-37.548,47.397,-7.6974,36.733,-12.395,64.865,-58.337,18.764,1.7965,-24.984,-47.09,31.918,-13.19,-3.3062,-21.767,-4.9109,-19.077,38.831,-51.878,-8.398,-3.2779,43.065,-55.84,-0.6238,2.6453,56.872,-18.419,-1.0686,-24.878,0.78644,31.982,22.06,-13.47,24.947,-37.399,0.61008,3.6347,6.5735,-33.819,-24.04,68.642,-9.9256,46.403,-60.791,-15.442,-14.289,17.606,-10.735,-12.239,53.192,-27.978,-20.046,7.9501,20.007,16.277,32.238,52.711,39.961,-8.8911,-3.517,15.682,42.431,-34.838,-35.662,-1.8726,8.4806,6.1791,-30.753,-1.4106,12.295,-27.344,-38.819,2.0156,17.564,7.8917
-38.515,9.3881,-4.7314,-8.5186,-11.306,17.916,-5.284,-32.391,0.91482,-37.148,-26.896,-21.861,-22.134,14.192,-7.1295,20.862,-42.998,1.4054,22.607,33.331,-0.8512,20.617,-17.112,29.115,14.286,-30.864,21.308,2.56,-24.707,11.576,25.352,-64.208,36.177,15.048,-49.19,2.4226,26,-27.659,-40.351,-29.831,-7.2267,7.6298,13.34,-26.367,-2.3181,4.1097,4.4213,-21.474,-26.506,17.959,34.65,1.3166,-6.1802,26.189,1.0453,8.8433,-1.1345,-7.7483,-11.113,-44.87,19.676,-6.2032,-13.458,-0.19701,-43.957,59.898,-23.012,37.361,16.205,-1.5921,-19.401,9.1372,45.293,-10.41,-7.4763,-0.40897,6.527,33.147,-17.235,8.827,10.145,-13.614,26.756,1.9823,30.598,28.093,-17.427,6.6284,-28.478,27.652,11.63,32.575,-3.1483,7.1365,14.511,14.158,-16.836,11.7,-16.38,25.902
9.4648,31.739,30.979,33.812,-11.237,-19.449,42.562,-49.542,-27.017,16.889,37.801,-81.143,-35.022,30.796,0.90544,-1.9361,-49.783,0.98111,33.888,7.8835,-45.36,-47.619,-53.935,-19.946,-27.275,-27.066,51.087,36.5,47.775,-36.18,-1.3974,-54.014,10.23,-24.178,-34.643,-44.778,47.003,-43.881,-51.101,-25.158,-21.307,9.7749,49.072,-27.596,-9.2501,-24.143,38.883,-41.327,25.616,75.066,21.724,-37.982,16.276,-12.313,5.4976,3.1971,22.465,13.125,8.5849,-16.637,-3.4196,20.124,49.639,16.888,-64.391,51.106,-30.947,22.974,-2.8642,-13.257,11.787,10.587,-16.959,46.939,21.561,-2.0265,-8.4306,46.979,-37.993,15.357,-8.5518,38.109,-1.6377,25.415,23.518,21.462,15.829,3.9456,-29.542,12.292,15.538,2.3389,-45.199,19.42,16.694,12.93,10.245,4.1507,57.495,11.284
-33.794,33.463,-13.081,-21.178,15.71,-24.282,7.6083,-48.615,3.9762,32.096,40.238,-47.543,5.6621,22.051,2.3067,35.681,-20.134,-0.15187,46.393,37.52,20,-16.715,-10.377,-3.5563,18.467,-43.5,25.598,-25.631,43.112,-38.432,18.642,-39.935,17.601,9.7971,-41.337,-20.341,45.42,-26.845,-21.349,7.3438,0.85424,34.146,19.359,-41.983,-37.68,-32.099,-10.223,-52.524,-60.035,62.248,40.679,-12.732,-16.54,21.914,6.0472,3.0084,35.405,35.508,-9.4468,-1.5054,9.6317,23.576,-10.283,4.8049,-46.416,32.889,-46.954,5.9378,-6.133,-49.996,4.2531,4.5462,14.275,17.117,19.375,12.354,-49.812,45.766,-10.785,-50.454,21.384,24.261,13.731,6.8936,2.0583,53.01,2.0062,-22.265,-75.275,4.1105,-2.2123,11.789,-14.65,16.152,43.411,-20.997,5.813,-9.3141,39.36,-0.68412
-10.508,13.376,-13.58,-27.821,3.0493,-19.15,7.1172,-81.022,-29.254,1.7841,2.1965,-41.894,13.949,12.568,9.3143,13.606,-16.148,14.615,0.26946,12.736,12.099,44.197,-27.007,13.7,30.072,30.585,-7.295,-1.2203,7.4881,-28.445,-3.2457,-40.54,1.1089,-9.9815,-11.452,-35.312,53.291,-37.692,-5.3092,5.4726,11.266,-25.145,31.028,-51.043,9.8608,-47.109,14.348,-27.162,-19.576,45.99,38.544,-20.814,-20.771,6.9082,-7.0575,3.5156,30.652,-16.774,-13.855,-42.523,45.815,-9.4049,-21.603,-18.951,-25.702,73.317,-12.448,5.1438,-28.467,-38.585,-1.8591,29.42,38.006,11.662,17.958,9.9417,-16.934,27.801,-2.3037,-32.386,5.3319,36.906,22.919,-6.7054,51.512,18.009,-12.998,22.852,-15.715,-8.859,-40.139,30.119,-1.1353,11.894,4.7232,-33.827,-6.4599,19.201,17.935,7.4169
-36.553,9.7873,-15.061,3.3945,36.164,16.605,2.0818,-29.995,-27.539,5.2027,-31.995,-5.7182,19.864,20.086,-20.153,5.6519,-23.993,50.402,13.409,-0.16594,45.842,30.663,21.199,-0.4965,36.332,8.4791,4.2532,-12.803,17.95,-7.6415,-28.233,-28.973,25.088,-13.449,-19.164,-12.723,41.573,11.922,-30.84,5.0555,16.311,37.502,41.997,-1.9845,11.091,-34.584,-13.08,-8.6133,-30.022,63.096,-30.995,18.8,3.6491,-37.643,1.1091,22.004,-8.6252,-13.276,-9.036,4.1483,-7.044,16.917,-3.5843,-14.69,-15.7,11.867,29.315,-20.084,-45.916,-32.423,11.09,8.6885,25.012,-4.8127,3.4152,8.7607,-21.471,1.352,24.143,-19.151,15.699,7.7864,25.21,5.3987,47.277,23.152,0.73381,3.6811,-33.632,-23.823,-27.129,18.628,12.022,-28.487,-9.4623,-31.333,4.2488,1.4259,51.696,-8.9759
-11.792,2.8342,16.337,25.855,-6.8751,-21.27,-3.0855,-70.574,-39.109,39.25,-10.635,-35.706,37.8,4.7736,19.729,-26.095,5.6598,4.8055,27.071,31.433,6.5029,-8.4955,8.5932,29.209,-12.584,-9.4351,28.276,6.4679,32.319,-31.885,-26.122,-42.069,14.293,-12.458,-13.107,-26.803,55.032,-14.924,-5.7645,22.489,14.591,24.307,40.813,-2.1998,12.458,2.1577,-7.0858,-34.534,-19.571,35.266,17.998,-9.7306,6.9054,32.718,-1.7836,26.748,17.557,25.224,-8.2715,-37.224,-30.66,12.935,-16.068,-7.313,-11.502,9.9787,-8.4331,-7.6594,0.3979,-14.742,-2.3101,-7.9041,-17.019,42.321,6.6882,-10.305,-19.038,-21.619,1.7567,24.306,42.639,12.336,-20.73,43.747,7.0386,-12.308,26.023,-26.831,-46.777,-17.511,29.351,4.5775,2.3818,29.37,18.194,-8.0684,14.438,11.547,9.8693,-2.8787
-12.461,1.8354,18.275,-9.3355,43.013,15.837,19.555,-51.774,-41.173,33.319,8.1847,-17.877,-12.038,9.9981,8.713,5.3512,-33.151,8.3255,15.655,24.036,22.109,-18.667,8.9159,-21.944,10.049,-11.493,2.2674,7.7159,27.945,-18.431,7.196,-20.488,-7.5902,-16.454,-33.982,-35.447,37.946,-33.604,3.8434,18.646,14.88,41.145,-12.131,6.9223,4.9414,11.765,-0.54596,-48.779,-38.021,24.625,-13.653,10.142,3.7454,-22.189,9.2912,8.7712,8.793,1.0679,-25.049,2.3793,10.898,41.733,-23.89,17.267,-19.245,50.578,6.9791,-40.961,-0.16308,1.5854,-30.39,21.85,0.10512,-41.514,15.542,-1.0362,-31.057,24.728,-25.43,-18.527,17.534,36.183,11.497,-8.7864,5.5019,6.4404,34.941,-11.463,-33.883,3.0953,-17.431,13.726,11.423,-11.862,15.67,-20.12,-17.374,22.031,32.8,29.123
-57.165,5.7653,-1.1685,16.953,8.3716,-27.195,8.9193,-17.18,3.516,58.707,35.123,-51.721,-12.43,33.31,33.88,36.329,-32.853,34.585,33.05,18.655,11.159,15.119,-15.487,-11.354,64.362,4.6455,34.321,-8.9846,-13.227,-24.675,25.681,-40.573,56.095,7.7597,0.29908,-44.686,50.85,-25.042,-3.1144,-17.756,-27.145,28.608,-16.424,-22.671,33.499,0.71129,-9.7738,-56.24,-73.52,69.272,36.614,-0.1468,-23.618,-5.74,31.208,8.189,46.724,4.4419,-8.1791,13.131,7.0941,29.543,-71.69,-1.7246,-12.966,35.765,-22.828,1.4888,11.388,-41.619,-57.236,-15.699,22.711,20.181,33.133,11.218,-69.496,22.513,5.9694,-37.011,37.802,-9.8389,60.413,25.497,36.267,3.9529,-26.919,17.235,-47.25,22.415,14.849,65.36,-3.3584,-8.7083,11.081,13.057,-8.0705,-4.2361,47.59,-18.51
-1.7913,31.189,-5.716,0.6147,-24.444,9.018,-36.571,-32.288,-43.29,41.842,20.927,-74.639,-16.875,-16.395,0.3031,-1.34,-33.175,57.243,6.5911,43.779,14.796,-22.373,-18.085,-21.325,43.998,-12.641,-12.02,-1.0349,31.78,-17.152,12.002,-71.314,8.827,-36.001,-16.785,-34.243,29.796,-15.624,7.5831,-0.62921,8.7101,33.485,-5.6505,-65.329,31.042,-44.369,31.111,-48.747,-43.729,65.937,66.966,-39.328,-1.0771,-57.459,-25.6,-26.169,41.069,-12.871,31.421,-26.449,-10.752,-6.7431,0.85267,-17.22,-22.936,70.971,-32.022,9.6347,-28.982,-43.676,21.949,17.481,5.8513,14.393,35.279,16.725,-35.562,17.402,44.501,-14.513,58.087,7.2404,32.649,2.682,-3.0766,-4.9415,27.2,-29.085,-33.424,-20.39,26.547,42.836,-34.96,32.647,46.395,-14.289,16.088,-31.004,24.763,-3.1552
-25.992,-8.0028,-7.2794,9.3581,40.506,-12.336,-5.0673,-66.029,-22.948,10.731,27.665,-46.062,-25.484,18.669,21.307,27.573,-39.031,43.016,18.622,29.171,-32.461,13.569,-28.328,-28.546,33.581,41.801,4.7024,5.9177,13.788,-45.716,10.579,-35.905,30.461,-10.716,-20.677,-28.282,19.666,-17.05,12.093,21.93,-13.215,29.207,5.2489,-43.9,34.218,-19.9,1.5373,-49.924,-24.451,82.447,27.174,29.43,-14.173,-56.679,12.958,6.2783,31.838,52.436,28.129,-22.074,7.8473,35.241,-16.442,-11.756,-16.555,73.506,19.809,-5.0745,6.6407,-35.464,31.064,32.23,2.8812,-1.9835,27.796,-37.884,-70.636,36.782,4.264,-22.841,6.7105,-7.6725,32.92,15.98,31.741,31.662,-16.084,28.18,-4.7597,10.634,-6.7979,48.801,28.064,3.974,18.969,2.3946,2.5999,2.0811,5.0653,22.883
0.55419,23.31,-14.38,7.4247,-7.3611,-15.273,-16.546,-6.1063,-13.357,5.1043,31.929,-44.617,-49.242,47.872,13.163,-15.66,-28.828,-15.653,-9.2758,24.931,24.949,-33.883,11.215,-31.034,49.241,-16.046,50.907,14.045,12.56,-25.323,-2.5172,-65.23,5.2852,-13.332,-25.177,6.2438,34.871,-24.767,-42.437,-0.36756,-26.284,6.1081,61.113,-18.957,-4.9821,2.9956,45.111,-9.4715,-33.524,25.97,-0.98101,-1.9144,11.945,-4.1302,29.354,45.083,4.2249,13.754,9.7843,-28.684,1.5827,10.203,-9.9516,-0.49833,-53.317,21.537,-7.7274,23.168,6.5534,-15.754,12.241,-28.201,6.8918,30.929,-7.9679,4.5355,9.6266,16.345,-11.588,-19.672,11.383,-1.1314,-2.3364,28.985,-11.011,0.61103,0.14036,-24.895,-40.328,-11.452,30.605,30.183,-15.846,13.405,11.358,-12.147,-2.1072,1.7539,6.1924,-6.4269
3.8131,23.777,-28.099,2.0469,37.031,-25.219,-18.762,-38.386,-3.4836,-15.249,35.426,-63.187,-25.875,-12.07,20.26,-1.863,-7.5442,5.3766,4.5038,3.044,6.2685,0.90606,-30.33,-36.381,22.704,11.759,16.789,0.6408,17.385,-25.695,-15.062,-7.9134,14.361,-1.3101,-32.955,-25.785,50.549,-6.7169,-21.644,9.1298,-22.73,17.773,39.961,-48.548,4.4731,-9.7491,1.6843,7.3549,5.095,14.237,17.195,-36.205,17.024,-35.061,30.09,17.132,13.644,5.1099,-3.1109,-11.028,8.5008,1.4601,20.593,9.1207,-66.379,21.016,8.3881,0.81592,-30.554,-24.921,-27.238,4.9054,7.9206,24.08,30.048,-19.833,1.4093,25.494,-16.094,22.961,34.7,28.131,15.346,6.495,9.2981,-6.8902,-9.7165,24.212,7.8205,-6.8846,-10.709,30.883,3.9675,6.8184,-7.2606,-35.527,-16.652,17.043,33.485,3.7636
-55.35,21.635,18.106,-26.011,52.91,-1.0092,11.322,-49.44,-30.575,-32.802,12.759,-67.106,-1.008,-12.866,-8.7843,14.112,-14.513,-18.297,30.877,15.731,10.397,-48.701,-21.223,14.204,-17.727,-26.875,25.4,13.593,28.158,-40.386,10.776,-47.383,3.082,-11.076,-30.499,-36.976,44.903,-65.001,10.947,19.058,-34.317,-14.494,19.886,-56.712,8.9283,-1.5729,4.1402,-36.123,10.178,18.595,65.811,-2.4683,2.6114,4.0036,14.862,-4.474,20.657,37.068,-28.394,7.9525,11.432,-12.216,6.5869,-17.763,-69.52,60.276,-16.343,18.873,15.498,-41.914,19.949,10.303,4.5404,30.503,55.24,-8.5249,-5.5706,13.628,12.89,23.54,18.919,25.401,-2.3036,-22.468,16.177,18.245,-27.216,-30.779,-18.479,37.775,-11.329,39.595,-43.534,-22.505,40.554,1.1314,-2.8011,27.935,3.2508,-1.1533
12.503,45.45,15.637,2.8083,1.0309,15.134,-36.184,-42.652,-26.639,-20.46,50.246,-0.97014,-38.881,20.749,21.24,9.3361,-32.717,-8.1405,5.0019,58.314,10.006,-10.632,24.329,-29.946,13.357,-24.165,15.088,-8.6935,55.464,14.04,1.4456,-34.627,-6.466,12.235,-27.548,-49.285,31.736,-35.777,-33.609,-10.821,-0.93372,34.524,16.778,-23.501,0.8708,27.232,36.059,-33.107,-9.3576,33.948,11.008,-4.4115,-4.7602,-45.506,23.528,25.596,14.669,-2.1029,13.684,-25.621,4.9948,18.019,4.6874,-21.061,-42.633,46.075,-25.056,17.854,-26.221,-33.601,-2.3205,-18.121,9.1523,0.40414,30.494,-25.521,-2.947,37.078,36.194,15.245,60.129,-1.6634,-1.6593,34.155,27.191,3.3905,32.223,-22.528,-62.185,37.696,26.177,35.169,-38.923,12.43,12.865,12.779,5.7903,-10.874,-10.526,4.0064
-38.924,7.0628,-35.174,6.8017,-1.2873,22.705,3.6337,25.335,-57.856,51.867,44.256,-62.497,-19.566,3.2639,16.832,22.477,26.367,41.098,14.605,-4.7628,38.313,-27.616,6.6961,-15.832,44.045,1.5679,11.404,13.929,3.9853,-34.977,4.2834,-43.475,25.874,-14.95,-27.594,-62.325,21.391,-24.613,-8.9624,33.899,-15.271,16.637,6.701,-6.0458,12.265,-9.2623,-1.5982,-51.2,-50.342,36.384,37.644,-28.718,47.917,8.2782,37.147,9.7062,13.609,44.876,-12.181,-37.886,34.733,20.236,-20.661,5.3483,-29.141,32.33,-32.362,-37.967,13.417,-2.4458,-35.119,-0.58651,22.198,19.859,63.461,19.756,-10.779,2.1634,4.4689,11.071,25.529,21.292,39.073,-7.4189,-5.8157,-17.545,7.523,-40.716,-54.644,41.716,-43.021,54.093,-34.58,-9.5839,35.936,9.4571,-36.948,2.7495,20.517,-42.515
-14.492,65.645,-2.0509,48.32,-31.445,-47.387,-30.626,-50.745,12.472,35.081,29.878,-54.547,-48.941,22.572,4.742,5.2125,-29.75,50.011,9.778,12.147,-21.094,-11.224,-80.938,-19.244,42.995,-18.924,26.542,8.0591,51.362,13.756,-31.346,-104.5,48.693,-19.309,2.6196,-58.652,59.589,-34.922,-49.08,2.6386,-33.22,10.313,23.777,-55.979,33.89,-35.551,34.052,-27.626,-25.209,81.076,39.46,-35.623,5.6612,9.515,40.813,-24.833,16.224,38.339,-8.3212,-32.093,14.324,1.8703,0.97264,-41.422,-25.357,12.121,-32.916,42.556,-19.235,-15.517,-15.163,17.703,-20.696,-4.3443,13.668,-30.489,-51.768,65.668,12.285,32.804,0.28675,-14.478,-23.44,33.881,-6.6981,27.594,10.522,2.8398,-52.552,-23.613,24.644,34.194,6.0751,5.3371,37.278,13.55,-37.346,-69.713,28.207,-0.32947
-10.591,36.194,7.9053,6.2944,5.7222,-19.494,-4.6537,-55.322,1.5877,6.9138,37.183,-51.756,1.2679,-8.382,-3.1706,13.993,-0.15097,35.703,34.583,3.3715,-4.9427,-4.5818,-43.235,-29.135,-13.915,-34.692,34.083,3.6073,50.438,-10.612,4.2062,-27.519,31.416,-20.983,-9.7639,-45.368,21.564,-25.105,-7.2753,-11.294,1.198,18.195,48.062,-44.422,-6.5247,-40.497,-1.7969,-43.935,-27.228,51.86,31.111,-24.611,-9.5132,-4.176,-39.798,13.073,6.1391,27.9,13.948,-51.859,10.164,9.5239,50.066,-5.3768,-44.38,41.716,-18.088,25.684,-3.3241,-49.229,-0.96296,28.55,-7.4709,43.228,37.583,-8.0984,-22.086,56.986,-17.432,24.537,32.161,10.318,15.157,7.9735,26.721,29.304,31.642,-0.51692,-22.835,-15.135,-2.0205,2.1828,-4.7292,26.642,-1.2503,25.959,4.7646,-25.496,19.961,8.6664
6.863,50.285,-16.774,69.855,43.362,25.731,-14.645,-16.691,9.024,31.057,16.997,-84.854,-38.249,19.932,-20.276,-28.716,-54.487,-0.727,25.998,49.738,-13.079,-9.1656,-41.221,0.41566,36.487,-43.05,46.1,5.328,39.743,-38.169,-33.38,-65.653,23.154,2.3691,-49.015,-49.124,26.925,-54.46,-21.284,-17.134,-27.637,66.473,6.2397,-45.859,11.232,8.8675,-2.0368,-20.9,-37.282,95.742,35.403,0.89175,-3.3526,-30.438,41.991,3.6461,-21.96,62.254,2.1211,1.0211,-6.1461,40.519,-39.568,3.4931,-54.501,72.622,-4.9706,7.4006,-6.2436,-19.667,-9.2294,-0.50458,24.879,22.364,26.37,0.64555,-33.72,51.619,82.729,1.4264,-19.751,25.132,19.665,19.377,0.80748,-2.4041,27.072,8.9081,-47.317,33.616,16.57,17.352,-1.4564,-9.6391,23.79,-40.011,-15.409,-68.611,46.113,-15.293
21.197,55.004,-4.6093,31.1,-14.436,-12.361,-32.236,-40.5,-21.054,22.389,13.177,-69.116,-27.963,45.63,-21.643,2.0645,9.1344,-7.9474,14.18,18.007,-1.7933,-10.856,-31.728,-11.053,1.3622,-25.409,21.281,-6.0324,41.071,-3.0724,-14.396,-68.987,33.297,-0.96369,1.2084,-58.008,48.605,-52.572,-19.213,3.5225,2.0264,16.424,-3.5709,-29.32,11.108,-38.167,52.967,-20.008,-26.142,53.504,20.504,-6.7537,-1.1755,-22.92,-3.5221,-3.3429,-11.941,-23.534,-18.304,-22.897,0.23147,-14.995,-11.281,-40.904,-18.737,27.822,-15.868,28.564,-44.019,-8.0694,-18.59,-9.7792,-23.615,-1.6291,36.482,1.8274,-11.26,24.578,25.571,4.4119,19.607,47.022,16.383,-13.45,9.125,-24.944,21.541,16.99,-6.3074,-9.8609,11.774,20.073,-39.873,17.025,12.725,3.2356,-5.8901,-20.904,26.967,4.7555
-15.652,-18.056,1.0107,25.244,1.7513,-11.667,1.8585,-22.957,-19.915,9.1822,-0.45577,-27.252,-2.9728,12.862,2.4858,-4.8586,-44.667,1.9368,19.48,10.433,-18.67,-8.7764,-8.3486,-3.9522,33.662,12.102,-4.3952,13.433,34.297,-15.736,13.047,-33.998,14.403,-17.721,-5.791,-13.767,46.349,-18.55,-13.62,-25.932,-30.665,9.2813,37.944,-40.885,27.145,2.9234,-5.106,11.204,-1.4445,41.545,60.099,-2.0391,-6.4259,-41.701,-24.56,16.686,24.759,3.5419,7.3512,-18.045,5.2053,5.234,-26.895,-20.404,-24.204,28.226,-30.961,47.291,-10.883,-8.917,-3.7055,-0.48732,6.4009,-6.2079,-2.6724,-48.4,-17.605,-9.549,-11.76,-10.447,10.707,5.8016,20.021,-14.499,-8.7715,3.675,-28.068,-7.1967,-24.943,-14.358,5.9603,15.91,10.871,-5.249,5.2569,-11.434,2.107,9.6577,15.507,13.069
22.543,-15.776,-12.5,-0.080747,17.078,10.916,-8.4926,-13.051,-52.949,34.696,17.276,-81.593,-2.2368,24.845,-9.0311,-30.56,-22.253,2.0514,30.375,24.286,-15.159,-44.427,-29.774,-10.277,15.534,-34.508,19.67,14.06,-17.238,-68.722,3.2593,-83.526,6.24,-8.1557,-29.729,-6.6675,54.648,-25.736,-19.964,2.6349,-41.844,17.372,15.354,-28.275,-4.7188,-5.3452,-10.651,-15.696,-16.312,39.466,52.322,-3.5801,14.176,-15.421,14.831,-3.9947,16.433,54.547,-10.396,19.224,-20.039,-3.2904,-41.522,12.642,-37.75,46.879,17.898,18.695,25.35,-9.3796,-6.4854,-9.2528,7.2818,16.455,11.473,4.4341,-18.321,-4.8421,-9.7727,4.3099,-18.855,34.628,32.941,-44.76,24.847,12.773,-24.662,-32.908,-4.6042,44.357,15.571,0.45447,-31.603,-34.51,29.262,-31.956,-21.232,22.355,32.192,2.2506
16.157,-10.68,11.079,-19.84,40.41,-10.927,-36.051,-26.235,-13.919,-19.543,14.124,-6.7568,4.1196,11.984,13.553,13.829,-45.597,31.271,17.73,40.342,2.2523,33.748,-10.302,-2.7832,-0.26615,-0.11038,7.1426,-45.447,39.866,-9.0876,-11.45,-11.583,45.449,-5.0654,-28.272,-0.40143,6.4074,12.004,-20.501,-42.574,-15.406,56.748,-21.312,8.4103,-1.4729,9.4866,24.381,-15.35,-19.05,65.866,18.824,16.194,-16.303,-39.905,-25.14,35.678,27.757,18.193,-8.4883,-33.313,-16.198,0.5584,-31.042,-18.744,-14.323,44.132,-37.284,49.975,-4.3649,-7.6434,3.8832,5.6549,4.6532,19.625,-3.3942,6.6777,-4.6631,44.656,-17.075,-28.067,79.455,33.118,29.301,24.489,8.8132,14.847,6.6825,-7.1993,-29.861,10.007,21.011,-33.109,-25.499,-13.051,10.099,-16.507,6.6912,-2.4004,-11.115,21.596
-12.572,70.68,-10.239,21.598,3.312,-3.8929,-6.9873,-22.916,-29.077,-3.451,64.39,-9.8647,-16.927,51.265,-8.0043,23.866,17.78,17.177,38.949,18.807,-13.272,2.6824,-44.304,-10.494,18.185,-1.576,10.377,-1.0609,54.408,1.1915,-28.344,-72.561,49.522,-53.86,-24.597,-25.908,25.004,-19.241,8.3883,-4.0491,22.133,-21.362,29.916,-31.71,-19.793,-27.147,19.171,-45.103,-28.227,30.532,8.9778,15.519,33.523,-57.656,11.615,27.216,34.459,61.144,21.304,-23.747,-38.339,0.93123,-24.663,-22.359,-31.271,9.8911,-21.467,41.184,-53.99,-53.529,-6.891,33.635,21.431,9.6157,4.4034,40.863,2.4315,6.5171,33.846,13.078,29.308,-26.907,3.2051,19.757,47.957,-5.8574,6.1541,1.2561,-47.327,16.827,5.7948,24.326,-4.2146,-60.92,11.866,22.413,-35.655,-35.072,29.987,13.222
-25.53,8.5859,-38.357,-6.674,57.904,-35.966,7.3058,-9.1501,-11.151,-4.7869,-21.509,-52.967,-30.667,13.408,-16.091,-3.7571,-54.231,4.0695,9.3436,40.817,13.978,-42.178,-23.063,20.982,-16.486,-19.906,36.015,14.911,24.093,-42.895,20.429,-61.175,5.0541,-39.132,-59.241,-12.866,29.525,-32.58,-23.408,11.944,-11.855,-2.0401,32.59,-31.387,1.0081,-44.869,32.238,-33.378,-33.223,73.06,31.673,14.04,45.124,2.0398,25.564,3.2385,-54.259,30.093,-23.628,17.534,0.044522,21.843,-36.363,1.8593,-13.618,45.243,-11.426,23.421,-0.76418,14.312,3.5029,-4.621,-24.515,5.3994,49.554,15.205,-13.257,43.722,3.916,11.424,-26.871,22.578,6.6548,18.643,23.65,-22.463,6.9696,39.661,-15.097,5.7494,-5.8075,20.455,-15.495,-39.79,36.541,-15.025,-22.838,10.775,18.31,4.0727
13.306,17.505,-11.197,29.586,-5.2979,19.31,-17.703,-30.484,-28.35,23.009,51.052,-40.946,-20.569,36.143,-21.84,-7.4754,-38.57,30.736,-9.3559,6.2677,-0.70999,-41.814,-21.663,-46.707,40.751,-1.6628,51.512,-19.215,18.219,10.558,-3.2147,-62.659,-3.1373,-13.609,-16.083,-34.343,44.271,-67.864,-11.865,-11.598,-7.669,26.471,0.2142,-15.461,-7.552,31.554,-6.7237,-61.864,-28.668,9.8763,38.836,4.2027,41.915,-20.266,29.587,28.497,30.662,0.3802,14.699,-26.636,-3.1699,56.298,-19.815,-26.98,-24.703,63.658,-45.908,26.001,3.0149,-33.43,13.17,8.2726,13.717,6.2235,10.128,-51.161,2.4108,52.009,29.965,34.287,37.156,42.999,-26.773,-4.2913,23.78,26.66,10.367,-27.096,-49.977,-0.10755,39.902,48.027,20.243,18.98,5.0915,6.7287,-26.129,2.8652,5.9879,-22.518
-6.2075,25.494,-8.5644,7.6756,32.614,-20.935,15.251,-6.6711,-12.742,2.7333,32.861,-14.477,-8.629,62.276,24.375,-11.84,-21.321,6.4921,19.612,-4.3517,22.695,-26.609,-16.547,-36.411,39.026,-23.493,12.523,19.935,31.613,-18.324,-17.375,-61.081,5.0573,-24.639,-2.6688,-25.854,38.767,9.8386,-32.041,-9.2287,-12.249,1.4749,62.09,-59.889,26.358,-4.1925,31.276,-31.119,-54.83,41.511,8.1744,36.37,52.299,-10.251,5.3916,33.013,17.179,43.944,11.368,2.5061,-25.855,17.437,-0.42718,-3.0624,-60.078,-13.268,3.3011,0.29515,13.779,-53.527,-3.8163,24.53,12.63,14.772,28.791,40.962,-3.2112,14.552,-5.6326,-24.652,8.4722,-2.5628,-6.8795,31.149,13.492,23.175,-7.5722,-6.6924,-30.326,-11.806,8.845,30.676,-0.18496,21.201,10.564,1.6932,-9.3699,-37.511,12.565,20.316
16.661,48.355,-1.7348,31.239,25.709,-14.318,-5.2402,-51.232,-31.149,18.783,44.046,-19.002,-33.848,41.327,8.2547,7.6442,-16.46,21.327,10.389,8.3862,-4.3346,-19.913,-14.208,-9.39,6.44,-19.371,20.846,0.40466,31.533,-22.709,-32.143,-79.397,59.411,-5.1868,-3.5031,-26.425,46.302,-11.805,-28.503,10.017,-5.1591,35.967,10.156,-10.377,30.883,4.3915,17.374,-13.764,-25.123,29.55,9.1194,-20.416,31.871,3.8423,50.51,29.46,45.423,-1.2116,1.8372,-36.659,-21.85,0.23873,36.032,-59.845,-35.435,41.845,-31.84,54.621,-24.537,-12.354,-16.375,11.832,20.678,1.9194,15.108,-18.187,-13.986,39.866,-2.5643,-7.6304,15.149,20.227,6.5321,18.995,-34.389,18.143,35.894,-23.721,-40.743,9.3723,21.898,11.278,-2.8811,-49.684,-0.012086,0.14398,-2.4173,-48.195,29.444,-11.353
-15.254,2.9593,6.7011,-3.3844,-5.1597,26.431,-15.338,-13.927,-7.9559,-26.067,19.078,-50.145,-9.4464,-5.8095,-26.808,-26.743,-38.773,14.383,-3.9396,29.877,6.1293,-34.987,-18.971,-18.786,17.499,-29.003,20.546,16.285,18.51,-23.124,25.504,-54.049,33.038,-2.1724,-31.701,-12.781,51.355,-32.355,-30.915,-38.548,-15.009,23.544,45.21,-58.644,-8.8264,-5.2899,-34.076,-45.151,-30.004,20.328,20.781,22.876,-1.7207,-25.489,-4.728,25.782,21.086,38.98,15.916,1.0081,5.7568,4.669,-3.3392,19.738,-42.456,17.75,-15.31,15.011,29.086,-13.667,-15.177,-5.3755,10.814,25.287,5.3188,21.528,-6.7191,35.263,14.109,12.805,14.094,-13.316,8.4553,24.322,-7.3631,-36.462,-43.517,13.151,-36.984,0.77373,33.319,15.301,-18.468,-19.327,24.669,-8.9681,-35.926,2.1722,-12.257,20.853
-49.697,41.34,-19.231,41.603,1.1548,-40.984,-39.357,7.5898,-22.952,7.9456,18.589,-39.101,-35.086,16.747,27.299,9.93,-10.572,7.9081,41.985,1.4321,36.293,-18.792,-0.5922,-21.769,39.405,-20.108,11.174,-23.152,25.175,-40.929,-22.117,-66.058,24.25,-31.302,-20.602,-37.196,30.646,-32.177,4.8752,17.209,-34.363,-1.055,13.503,-51.549,30.202,14.518,23.344,-34.355,-16.769,61.104,34.591,10.601,39.184,-12.363,31.568,19.012,-9.8497,25.271,3.1098,-14.264,4.1999,37.963,-9.6154,-26.551,-8.8665,30.495,-4.1763,18.138,-43.86,4.6536,-22.113,24.668,5.7666,-1.9467,50.938,6.079,-60.939,10.569,20.81,33.424,9.8952,16.338,-33.226,15.849,-10.905,-3.0911,3.1906,4.4777,-23.699,-11.945,31.274,35.393,-26.012,-1.139,45.836,-4.653,-20.192,1.4349,33.656,-3.6708
-7.8883,-6.19,-30.935,7.7712,13.393,30.999,-17.894,-58.383,-13.776,9.1028,24.761,-67.772,-16.057,31.742,4.5339,3.8843,4.4037,1.0302,36.047,-10.827,18.786,6.6971,-19.327,-23.905,8.8315,-6.3915,37.038,-15.523,-0.013841,-15.683,-4.6177,-40.788,40.549,13.681,-19.367,-32.61,38.636,-53.203,-10.957,-2.6601,24.09,19.045,23.442,-3.5842,-3.5635,-7.6518,-2.6957,-42.782,-44.218,53.402,-18.543,6.979,-10.438,-3.364,17.888,23.518,-9.0292,-5.2873,4.8134,-39.387,22.511,-1.4351,-13.614,-19.123,-22.032,54.005,1.5055,2.0645,-14.442,-9.7068,-22.764,18.166,22.948,-3.0767,-2.8498,-31.414,-10.559,16.891,21.665,-25.316,-0.32902,1.1726,13.785,-23.367,2.116,5.7396,1.9438,28.58,-9.5315,-1.2049,4.7696,26.645,-20.933,7.9152,-26.586,15.209,-1.0954,7.9427,6.4419,-0.62069
-18.526,-6.6665,-32.602,1.6547,-4.3836,21.387,10.157,-12.721,-30.325,1.4694,-15.929,-78.123,-59.503,-18.886,-22.542,44.882,-28.328,-5.8029,11.929,44.275,-3.9497,-5.773,4.2523,-8.6497,44.686,37.824,-11.689,-4.5539,8.8997,-26.76,11.741,-44.896,-13.891,-39.017,12.222,-26.094,34.202,-28.644,-21.415,-36.511,1.3929,1.281,11.169,-57.26,45.542,-34.462,22.269,-43.319,-11.466,45.003,46.701,-13.434,-16.52,-72.34,-17.085,14.487,38.331,30.702,23.239,2.5402,15.605,49.54,-61.539,2.1077,-52.129,79.675,14.971,-11.343,2.1519,1.2166,47.088,25.312,28.745,11.495,39.108,-8.1447,-22.577,38.687,4.407,-11.786,23.745,21.608,27.863,19.82,37.796,-4.5124,-36.932,-16.205,-7.1346,1.7358,-4.6024,65.348,21.938,11.297,60.217,-16.621,13.519,-5.1212,49.309,9.9913
1.1127,-31.902,-16.654,-33.31,33.308,-29.291,14.803,-52.283,-21.383,-8.6065,0.35094,-36.664,-23.343,-9.4685,25.4,-2.643,-14.174,-21.399,-12.436,79.339,33.111,-37.634,12.179,-23.037,-4.6868,23.901,10.028,-43.508,5.6184,-20.431,8.0762,-8.5119,-19.741,-7.6811,-11.496,-34.349,-21.742,-38.888,-3.4827,-12.644,16.855,24.424,46.777,-26.009,35.323,-18.215,-4.889,-34.079,-18.498,23.806,26.652,20.902,14.013,-14.832,-7.9458,25.917,-23.364,-2.4058,-16.492,-33.381,9.6841,55.615,-18.061,-8.5152,-15.13,61.006,-29.08,4.5061,10.208,-28.356,-27.4,25.901,-17.892,11.791,15.215,-20.419,-2.1553,27.38,-17.602,-11.146,38.172,10.018,42.093,53.15,23.86,11.676,11.267,-39.872,-33.036,6.8584,-29.671,14.966,-3.5176,29.974,2.117,-19.326,12.11,30.719,9.445,22.292
-1.509,33.816,5.2823,-0.68738,5.5726,13.763,-26.618,-40.432,-10.817,-4.2622,38.135,-49.247,-18.289,30.678,17.672,26.007,-27.992,-7.297,4.1216,1.8385,2.1309,-23.078,9.4509,-25.473,-9.2351,-22.773,13.248,-13.122,34.66,21.972,18.048,-41.548,52.471,-0.46659,-11.967,-54.789,38.812,-47.919,-42.213,3.0469,37.894,-2.008,48.102,4.9697,-7.0261,-14.651,6.1785,-37.356,-51.844,7.9418,25.355,-9.9329,20.179,-14.393,-8.0534,45.822,20.372,0.57714,-11.552,-6.0152,38.631,-10.267,33.796,-8.4921,-43.571,39.011,-14.969,16.553,-41.789,-1.188,-22.038,-1.2514,20.882,16.322,10.922,-60.023,-1.4946,28.955,-1.6211,16.078,30.041,-3.2113,26.139,5.6893,-15.025,-14.993,20.346,11.116,-36.187,-11.66,-1.9048,16.64,-13.24,0.58028,-13.769,18.06,-7.6154,-19.925,21.948,-1.0328
1.5077,6.0628,14.943,-14.289,6.6457,3.9019,-34.656,-61.402,-3.3396,-7.1996,4.3568,-40.116,15.966,7.7108,30.12,-11.622,-16.481,9.4944,15.268,56.057,-6.2901,-5.5047,-9.7477,32.75,34.911,5.2187,22.423,1.4396,34.995,-22.347,-33.862,-68.574,30.63,4.9728,-24.413,-25.493,44.84,-79.516,-26.275,-19.035,-28.672,32.029,32.385,13.303,5.1356,-9.669,4.3297,-26.397,-14.951,25.6,11.356,-1.7226,-21.186,-3.8775,-13.523,28.763,32.405,-2.388,-18.61,-42.513,24.656,14.019,-29.894,-33.332,-51.77,39.125,-5.8887,24.704,-9.4966,-47.644,5.9601,16.381,9.7201,29.551,-4.7214,-2.901,-25.137,40.195,8.6898,4.8268,45.442,36.769,6.6583,17.234,14.696,3.9747,11.556,8.556,-84.185,-5.332,36.34,35.652,-0.64871,26.255,-7.3833,-29.355,-19.017,18.88,-44.536,-6.9813
8.7509,6.5806,2.8234,2.7513,10.183,-28.786,17.935,-37.131,-42.132,-13.685,17.512,-31.167,-2.1703,-29.423,13.227,4.9057,-24.807,10.69,0.32074,55.412,-20.982,15.182,19.428,-17.795,-20.65,1.2228,-18.729,2.511,8.1571,-30.661,26.511,-20.993,2.0845,-32.595,-33.98,-37.36,42.358,-19.885,-30.571,14.686,-29.468,30.253,0.83847,7.299,10.243,-26.577,8.0285,-48.53,-0.28165,83.21,2.4139,-5.3353,17.119,-42.964,-41.099,-27.424,-24.058,8.3692,0.60479,-17.704,0.5619,18.878,-20.762,-1.6912,-28.425,59.154,8.6657,10.419,-8.8338,-21.782,6.9067,-23.414,-4.9088,32.989,41.924,18.014,-6.9028,45.943,15.728,5.4037,40.517,-1.9249,13.868,33.664,69.8,7.4465,-7.2099,24.256,12.689,-37.048,-33.079,12.888,-3.7853,-18.911,32.139,-27.401,12.993,15.368,-7.844,23.818
